$GSTR;1;054417;dia;mes;año;0.21;p11;7;17.19;p12;7;17.19;p13;7;17.19;p14;7;17.19;p15;7;17.19
$GSTR;1;054617;dia;mes;año;0.23;p11;8;17.18;p12;8;17.18;p13;8;17.18;p14;8;17.18;p15;8;17.18
$GSTR;1;054817;dia;mes;año;0.25;p11;9;17.17;p12;9;17.17;p13;9;17.17;p14;9;17.17;p15;9;17.17
$GSTR;1;055017;dia;mes;año;0.27;p11;10;17.16;p12;10;17.16;p13;10;17.16;p14;10;17.16;p15;10;17.16
$GSTR;1;055217;dia;mes;año;0.3;p11;11;17.15;p12;11;17.15;p13;11;17.15;p14;11;17.15;p15;11;17.15
$GSTR;1;055417;dia;mes;año;0.36;p11;12;17.14;p12;12;17.14;p13;12;17.14;p14;12;17.14;p15;12;17.14
$GSTR;1;055617;dia;mes;año;0.38;p11;13;17.13;p12;13;17.13;p13;13;17.13;p14;13;17.13;p15;13;17.13
$GSTR;1;055817;dia;mes;año;0.27;p11;14;17.12;p12;14;17.12;p13;14;17.12;p14;14;17.12;p15;14;17.12
$GSTR;1;060017;dia;mes;año;0.28;p11;15;17.11;p12;15;17.11;p13;15;17.11;p14;15;17.11;p15;15;17.11
$GSTR;1;060217;dia;mes;año;0.25;p11;16;17.10;p12;16;17.10;p13;16;17.10;p14;16;17.10;p15;16;17.10
$GSTR;1;060417;dia;mes;año;0.29;p11;17;17.9;p12;17;17.9;p13;17;17.9;p14;17;17.9;p15;17;17.9
$GSTR;1;060617;dia;mes;año;0.31;p11;18;17.8;p12;18;17.8;p13;18;17.8;p14;18;17.8;p15;18;17.8
$GSTR;1;060817;dia;mes;año;0.35;p11;19;17.7;p12;19;17.7;p13;19;17.7;p14;19;17.7;p15;19;17.7
$GSTR;1;061017;dia;mes;año;0.36;p11;20;17.6;p12;20;17.6;p13;20;17.6;p14;20;17.6;p15;20;17.6
$GSTR;1;061217;dia;mes;año;0.43;p11;21;17.5;p12;21;17.5;p13;21;17.5;p14;21;17.5;p15;21;17.5
$GSTR;1;061417;dia;mes;año;0.42;p11;22;17.4;p12;22;17.4;p13;22;17.4;p14;22;17.4;p15;22;17.4
$GSTR;1;061617;dia;mes;año;0.42;p11;23;17.3;p12;23;17.3;p13;23;17.3;p14;23;17.3;p15;23;17.3
$GSTR;1;061817;dia;mes;año;0.87;p11;24;17.2;p12;24;17.2;p13;24;17.2;p14;24;17.2;p15;24;17.2
$GSTR;1;062017;dia;mes;año;0.91;p11;25;17.1;p12;25;17.1;p13;25;17.1;p14;25;17.1;p15;25;17.1
$GSTR;1;062217;dia;mes;año;0.97;p11;26;17.0;p12;26;17.0;p13;26;17.0;p14;26;17.0;p15;26;17.0
$GSTR;1;062417;dia;mes;año;1.03;p11;27;17.1;p12;27;17.1;p13;27;17.1;p14;27;17.1;p15;27;17.1
$GSTR;1;062617;dia;mes;año;1.08;p11;28;17.2;p12;28;17.2;p13;28;17.2;p14;28;17.2;p15;28;17.2
$GSTR;1;062817;dia;mes;año;1.15;p11;29;17.3;p12;29;17.3;p13;29;17.3;p14;29;17.3;p15;29;17.3
$GSTR;1;063017;dia;mes;año;1.17;p11;38.1;17.3;p12;38.1;17.3;p13;38.1;17.3;p14;38.1;17.3;p15;38.1;17.3
$GSTR;1;063217;dia;mes;año;1.22;p11;37.7;17.6;p12;37.7;17.6;p13;37.7;17.6;p14;37.7;17.6;p15;37.7;17.6
$GSTR;1;063417;dia;mes;año;1.23;p11;38.8;17.7;p12;38.8;17.7;p13;38.8;17.7;p14;38.8;17.7;p15;38.8;17.7
$GSTR;1;063617;dia;mes;año;1.25;p11;39;17.7;p12;39;17.7;p13;39;17.7;p14;39;17.7;p15;39;17.7
$GSTR;1;063817;dia;mes;año;1.31;p11;38.4;17.7;p12;38.4;17.7;p13;38.4;17.7;p14;38.4;17.7;p15;38.4;17.7
$GSTR;1;064017;dia;mes;año;1.37;p11;38.7;17.8;p12;38.7;17.8;p13;38.7;17.8;p14;38.7;17.8;p15;38.7;17.8
$GSTR;1;064217;dia;mes;año;1.44;p11;38.7;17.9;p12;38.7;17.9;p13;38.7;17.9;p14;38.7;17.9;p15;38.7;17.9
$GSTR;1;064417;dia;mes;año;1.5;p11;38.8;18;p12;38.8;18;p13;38.8;18;p14;38.8;18;p15;38.8;18
$GSTR;1;064617;dia;mes;año;1.49;p11;38.8;18.1;p12;38.8;18.1;p13;38.8;18.1;p14;38.8;18.1;p15;38.8;18.1
$GSTR;1;064817;dia;mes;año;1.61;p11;38.9;18.3;p12;38.9;18.3;p13;38.9;18.3;p14;38.9;18.3;p15;38.9;18.3
$GSTR;1;065017;dia;mes;año;1.64;p11;38.9;18.4;p12;38.9;18.4;p13;38.9;18.4;p14;38.9;18.4;p15;38.9;18.4
$GSTR;1;065217;dia;mes;año;1.68;p11;39.1;18.6;p12;39.1;18.6;p13;39.1;18.6;p14;39.1;18.6;p15;39.1;18.6
$GSTR;1;065417;dia;mes;año;1.69;p11;39.3;18.4;p12;39.3;18.4;p13;39.3;18.4;p14;39.3;18.4;p15;39.3;18.4
$GSTR;1;065617;dia;mes;año;1.74;p11;39.1;18.7;p12;39.1;18.7;p13;39.1;18.7;p14;39.1;18.7;p15;39.1;18.7
$GSTR;1;065817;dia;mes;año;1.75;p11;39;19;p12;39;19;p13;39;19;p14;39;19;p15;39;19
$GSTR;1;070017;dia;mes;año;1.84;p11;39.2;18.8;p12;39.2;18.8;p13;39.2;18.8;p14;39.2;18.8;p15;39.2;18.8
$GSTR;1;070217;dia;mes;año;1.95;p11;37.7;19.3;p12;37.7;19.3;p13;37.7;19.3;p14;37.7;19.3;p15;37.7;19.3
$GSTR;1;070417;dia;mes;año;2.3;p11;36.7;19.2;p12;36.7;19.2;p13;36.7;19.2;p14;36.7;19.2;p15;36.7;19.2
$GSTR;1;070617;dia;mes;año;2.38;p11;36.2;19.2;p12;36.2;19.2;p13;36.2;19.2;p14;36.2;19.2;p15;36.2;19.2
$GSTR;1;070817;dia;mes;año;2.45;p11;36.6;19.2;p12;36.6;19.2;p13;36.6;19.2;p14;36.6;19.2;p15;36.6;19.2
$GSTR;1;071017;dia;mes;año;2.54;p11;36.6;19.4;p12;36.6;19.4;p13;36.6;19.4;p14;36.6;19.4;p15;36.6;19.4
$GSTR;1;071217;dia;mes;año;2.61;p11;36.1;19.4;p12;36.1;19.4;p13;36.1;19.4;p14;36.1;19.4;p15;36.1;19.4
$GSTR;1;071417;dia;mes;año;2.73;p11;36.4;19.5;p12;36.4;19.5;p13;36.4;19.5;p14;36.4;19.5;p15;36.4;19.5
$GSTR;1;071617;dia;mes;año;2.8;p11;36.6;19.7;p12;36.6;19.7;p13;36.6;19.7;p14;36.6;19.7;p15;36.6;19.7
$GSTR;1;071817;dia;mes;año;2.8;p11;36.2;19.7;p12;36.2;19.7;p13;36.2;19.7;p14;36.2;19.7;p15;36.2;19.7
$GSTR;1;072017;dia;mes;año;2.89;p11;36;19.8;p12;36;19.8;p13;36;19.8;p14;36;19.8;p15;36;19.8
$GSTR;1;072217;dia;mes;año;2.95;p11;36.4;20.2;p12;36.4;20.2;p13;36.4;20.2;p14;36.4;20.2;p15;36.4;20.2
$GSTR;1;072417;dia;mes;año;3.01;p11;36.3;20.3;p12;36.3;20.3;p13;36.3;20.3;p14;36.3;20.3;p15;36.3;20.3
$GSTR;1;072617;dia;mes;año;2.96;p11;35.7;20.4;p12;35.7;20.4;p13;35.7;20.4;p14;35.7;20.4;p15;35.7;20.4
$GSTR;1;072817;dia;mes;año;3.12;p11;36.3;20.4;p12;36.3;20.4;p13;36.3;20.4;p14;36.3;20.4;p15;36.3;20.4
$GSTR;1;073017;dia;mes;año;3.18;p11;36.2;20.3;p12;36.2;20.3;p13;36.2;20.3;p14;36.2;20.3;p15;36.2;20.3
$GSTR;1;073217;dia;mes;año;3.25;p11;35.7;20.3;p12;35.7;20.3;p13;35.7;20.3;p14;35.7;20.3;p15;35.7;20.3
$GSTR;1;073417;dia;mes;año;3.41;p11;36.3;20.1;p12;36.3;20.1;p13;36.3;20.1;p14;36.3;20.1;p15;36.3;20.1
$GSTR;1;073617;dia;mes;año;3.44;p11;36.3;20.1;p12;36.3;20.1;p13;36.3;20.1;p14;36.3;20.1;p15;36.3;20.1
$GSTR;1;073817;dia;mes;año;3.44;p11;34.1;20.7;p12;34.1;20.7;p13;34.1;20.7;p14;34.1;20.7;p15;34.1;20.7
$GSTR;1;074017;dia;mes;año;3.51;p11;36.8;20.4;p12;36.8;20.4;p13;36.8;20.4;p14;36.8;20.4;p15;36.8;20.4
$GSTR;1;074217;dia;mes;año;3.61;p11;36.8;20.7;p12;36.8;20.7;p13;36.8;20.7;p14;36.8;20.7;p15;36.8;20.7
$GSTR;1;074417;dia;mes;año;3.59;p11;32.2;21.2;p12;32.2;21.2;p13;32.2;21.2;p14;32.2;21.2;p15;32.2;21.2
$GSTR;1;074617;dia;mes;año;3.8;p11;36;20.9;p12;36;20.9;p13;36;20.9;p14;36;20.9;p15;36;20.9
$GSTR;1;074817;dia;mes;año;3.81;p11;36.1;21.2;p12;36.1;21.2;p13;36.1;21.2;p14;36.1;21.2;p15;36.1;21.2
$GSTR;1;075017;dia;mes;año;3.85;p11;32.2;21.6;p12;32.2;21.6;p13;32.2;21.6;p14;32.2;21.6;p15;32.2;21.6
$GSTR;1;075217;dia;mes;año;3.95;p11;36;22.1;p12;36;22.1;p13;36;22.1;p14;36;22.1;p15;36;22.1
$GSTR;1;075417;dia;mes;año;3.96;p11;36;22.3;p12;36;22.3;p13;36;22.3;p14;36;22.3;p15;36;22.3
$GSTR;1;075617;dia;mes;año;4;p11;32;22.5;p12;32;22.5;p13;32;22.5;p14;32;22.5;p15;32;22.5
$GSTR;1;075817;dia;mes;año;4.11;p11;35.9;22.8;p12;35.9;22.8;p13;35.9;22.8;p14;35.9;22.8;p15;35.9;22.8
$GSTR;1;080017;dia;mes;año;4.19;p11;36;22.6;p12;36;22.6;p13;36;22.6;p14;36;22.6;p15;36;22.6
$GSTR;1;080217;dia;mes;año;4.19;p11;32;22.2;p12;32;22.2;p13;32;22.2;p14;32;22.2;p15;32;22.2
$GSTR;1;080417;dia;mes;año;4.33;p11;35.9;22.4;p12;35.9;22.4;p13;35.9;22.4;p14;35.9;22.4;p15;35.9;22.4
$GSTR;1;080617;dia;mes;año;4.3;p11;35.9;22.4;p12;35.9;22.4;p13;35.9;22.4;p14;35.9;22.4;p15;35.9;22.4
$GSTR;1;080817;dia;mes;año;4.37;p11;32;22.7;p12;32;22.7;p13;32;22.7;p14;32;22.7;p15;32;22.7
$GSTR;1;081017;dia;mes;año;4.46;p11;35.7;23.2;p12;35.7;23.2;p13;35.7;23.2;p14;35.7;23.2;p15;35.7;23.2
$GSTR;1;081217;dia;mes;año;4.52;p11;35.7;23.5;p12;35.7;23.5;p13;35.7;23.5;p14;35.7;23.5;p15;35.7;23.5
$GSTR;1;081418;dia;mes;año;4.55;p11;31.7;23.5;p12;31.7;23.5;p13;31.7;23.5;p14;31.7;23.5;p15;31.7;23.5
$GSTR;1;081617;dia;mes;año;4.57;p11;35.5;23.7;p12;35.5;23.7;p13;35.5;23.7;p14;35.5;23.7;p15;35.5;23.7
$GSTR;1;081817;dia;mes;año;4.58;p11;35.6;23.6;p12;35.6;23.6;p13;35.6;23.6;p14;35.6;23.6;p15;35.6;23.6
$GSTR;1;082017;dia;mes;año;4.71;p11;35.1;24.1;p12;35.1;24.1;p13;35.1;24.1;p14;35.1;24.1;p15;35.1;24.1
$GSTR;1;082217;dia;mes;año;4.85;p11;35.3;24;p12;35.3;24;p13;35.3;24;p14;35.3;24;p15;35.3;24
$GSTR;1;082417;dia;mes;año;4.69;p11;35.5;24.5;p12;35.5;24.5;p13;35.5;24.5;p14;35.5;24.5;p15;35.5;24.5
$GSTR;1;082617;dia;mes;año;4.82;p11;31.9;24.5;p12;31.9;24.5;p13;31.9;24.5;p14;31.9;24.5;p15;31.9;24.5
$GSTR;1;082817;dia;mes;año;4.97;p11;34.8;24.5;p12;34.8;24.5;p13;34.8;24.5;p14;34.8;24.5;p15;34.8;24.5
$GSTR;1;083018;dia;mes;año;5.1;p11;35.3;24.6;p12;35.3;24.6;p13;35.3;24.6;p14;35.3;24.6;p15;35.3;24.6
$GSTR;1;083218;dia;mes;año;5.04;p11;31.5;25;p12;31.5;25;p13;31.5;25;p14;31.5;25;p15;31.5;25
$GSTR;1;083417;dia;mes;año;5.04;p11;35.4;25;p12;35.4;25;p13;35.4;25;p14;35.4;25;p15;35.4;25
$GSTR;1;083618;dia;mes;año;5.12;p11;34.7;25.1;p12;34.7;25.1;p13;34.7;25.1;p14;34.7;25.1;p15;34.7;25.1
$GSTR;1;083817;dia;mes;año;5.3;p11;35.3;25.1;p12;35.3;25.1;p13;35.3;25.1;p14;35.3;25.1;p15;35.3;25.1
$GSTR;1;084017;dia;mes;año;5.34;p11;31;25;p12;31;25;p13;31;25;p14;31;25;p15;31;25
$GSTR;1;084217;dia;mes;año;5.48;p11;34.8;25.1;p12;34.8;25.1;p13;34.8;25.1;p14;34.8;25.1;p15;34.8;25.1
$GSTR;1;084418;dia;mes;año;5.46;p11;34.8;25.2;p12;34.8;25.2;p13;34.8;25.2;p14;34.8;25.2;p15;34.8;25.2
$GSTR;1;084618;dia;mes;año;5.52;p11;34.8;25.2;p12;34.8;25.2;p13;34.8;25.2;p14;34.8;25.2;p15;34.8;25.2
$GSTR;1;084818;dia;mes;año;5.62;p11;34.8;25.2;p12;34.8;25.2;p13;34.8;25.2;p14;34.8;25.2;p15;34.8;25.2
$GSTR;1;085018;dia;mes;año;5.62;p11;34.8;25.2;p12;34.8;25.2;p13;34.8;25.2;p14;34.8;25.2;p15;34.8;25.2
$GSTR;1;085217;dia;mes;año;5.67;p11;34.8;25.2;p12;34.8;25.2;p13;34.8;25.2;p14;34.8;25.2;p15;34.8;25.2
$GSTR;1;085418;dia;mes;año;5.82;p11;30.8;25.9;p12;30.8;25.9;p13;30.8;25.9;p14;30.8;25.9;p15;30.8;25.9
$GSTR;1;085618;dia;mes;año;5.78;p11;35.3;25.6;p12;35.3;25.6;p13;35.3;25.6;p14;35.3;25.6;p15;35.3;25.6
$GSTR;1;085817;dia;mes;año;5.82;p11;35.3;25.6;p12;35.3;25.6;p13;35.3;25.6;p14;35.3;25.6;p15;35.3;25.6
$GSTR;1;090018;dia;mes;año;5.96;p11;35.3;25.6;p12;35.3;25.6;p13;35.3;25.6;p14;35.3;25.6;p15;35.3;25.6
$GSTR;1;090218;dia;mes;año;5.84;p11;34.6;25.9;p12;34.6;25.9;p13;34.6;25.9;p14;34.6;25.9;p15;34.6;25.9
$GSTR;1;090418;dia;mes;año;5.9;p11;34.6;26.3;p12;34.6;26.3;p13;34.6;26.3;p14;34.6;26.3;p15;34.6;26.3
$GSTR;1;090618;dia;mes;año;6.03;p11;32;26.4;p12;32;26.4;p13;32;26.4;p14;32;26.4;p15;32;26.4
$GSTR;1;090818;dia;mes;año;6.06;p11;34.5;26.2;p12;34.5;26.2;p13;34.5;26.2;p14;34.5;26.2;p15;34.5;26.2
$GSTR;1;091018;dia;mes;año;6.06;p11;34.5;26.7;p12;34.5;26.7;p13;34.5;26.7;p14;34.5;26.7;p15;34.5;26.7
$GSTR;1;091218;dia;mes;año;5.97;p11;35.2;26.4;p12;35.2;26.4;p13;35.2;26.4;p14;35.2;26.4;p15;35.2;26.4
$GSTR;1;091418;dia;mes;año;6.14;p11;34.5;26.9;p12;34.5;26.9;p13;34.5;26.9;p14;34.5;26.9;p15;34.5;26.9
$GSTR;1;091617;dia;mes;año;6.09;p11;34.5;27.3;p12;34.5;27.3;p13;34.5;27.3;p14;34.5;27.3;p15;34.5;27.3
$GSTR;1;091818;dia;mes;año;6.17;p11;31.9;27.5;p12;31.9;27.5;p13;31.9;27.5;p14;31.9;27.5;p15;31.9;27.5
$GSTR;1;092018;dia;mes;año;6.2;p11;34.4;27.3;p12;34.4;27.3;p13;34.4;27.3;p14;34.4;27.3;p15;34.4;27.3
$GSTR;1;092218;dia;mes;año;5.94;p11;34.4;27.6;p12;34.4;27.6;p13;34.4;27.6;p14;34.4;27.6;p15;34.4;27.6
$GSTR;1;092418;dia;mes;año;5.9;p11;34.4;27.6;p12;34.4;27.6;p13;34.4;27.6;p14;34.4;27.6;p15;34.4;27.6
$GSTR;1;092618;dia;mes;año;6.4;p11;34.4;27.6;p12;34.4;27.6;p13;34.4;27.6;p14;34.4;27.6;p15;34.4;27.6
$GSTR;1;092818;dia;mes;año;6.38;p11;30.4;28.4;p12;30.4;28.4;p13;30.4;28.4;p14;30.4;28.4;p15;30.4;28.4
$GSTR;1;093018;dia;mes;año;6.66;p11;34.2;27.9;p12;34.2;27.9;p13;34.2;27.9;p14;34.2;27.9;p15;34.2;27.9
$GSTR;1;093218;dia;mes;año;6.56;p11;34.3;27.4;p12;34.3;27.4;p13;34.3;27.4;p14;34.3;27.4;p15;34.3;27.4
$GSTR;1;093418;dia;mes;año;6.58;p11;34.3;27.4;p12;34.3;27.4;p13;34.3;27.4;p14;34.3;27.4;p15;34.3;27.4
$GSTR;1;093618;dia;mes;año;6.52;p11;34.3;27.4;p12;34.3;27.4;p13;34.3;27.4;p14;34.3;27.4;p15;34.3;27.4
$GSTR;1;093818;dia;mes;año;6.48;p11;34.3;27.4;p12;34.3;27.4;p13;34.3;27.4;p14;34.3;27.4;p15;34.3;27.4
$GSTR;1;094018;dia;mes;año;6.62;p11;31.4;26.4;p12;31.4;26.4;p13;31.4;26.4;p14;31.4;26.4;p15;31.4;26.4
$GSTR;1;094218;dia;mes;año;6.57;p11;34.9;26.1;p12;34.9;26.1;p13;34.9;26.1;p14;34.9;26.1;p15;34.9;26.1
$GSTR;1;094418;dia;mes;año;6.76;p11;35;26.8;p12;35;26.8;p13;35;26.8;p14;35;26.8;p15;35;26.8
$GSTR;1;094618;dia;mes;año;6.71;p11;33.6;27.6;p12;33.6;27.6;p13;33.6;27.6;p14;33.6;27.6;p15;33.6;27.6
$GSTR;1;094818;dia;mes;año;6.84;p11;34.2;28.4;p12;34.2;28.4;p13;34.2;28.4;p14;34.2;28.4;p15;34.2;28.4
$GSTR;1;095018;dia;mes;año;6.88;p11;33.6;28.5;p12;33.6;28.5;p13;33.6;28.5;p14;33.6;28.5;p15;33.6;28.5
$GSTR;1;095218;dia;mes;año;6.82;p11;34;28.9;p12;34;28.9;p13;34;28.9;p14;34;28.9;p15;34;28.9
$GSTR;1;095418;dia;mes;año;6.91;p11;33.5;28.9;p12;33.5;28.9;p13;33.5;28.9;p14;33.5;28.9;p15;33.5;28.9
$GSTR;1;095618;dia;mes;año;7.03;p11;33.4;29.5;p12;33.4;29.5;p13;33.4;29.5;p14;33.4;29.5;p15;33.4;29.5
$GSTR;1;095818;dia;mes;año;6.92;p11;30.4;29.8;p12;30.4;29.8;p13;30.4;29.8;p14;30.4;29.8;p15;30.4;29.8
$GSTR;1;100018;dia;mes;año;7.11;p11;34.1;30;p12;34.1;30;p13;34.1;30;p14;34.1;30;p15;34.1;30
$GSTR;1;100218;dia;mes;año;7.07;p11;34;30.1;p12;34;30.1;p13;34;30.1;p14;34;30.1;p15;34;30.1
$GSTR;1;100418;dia;mes;año;6.88;p11;29.6;29.7;p12;29.6;29.7;p13;29.6;29.7;p14;29.6;29.7;p15;29.6;29.7
$GSTR;1;100618;dia;mes;año;7.08;p11;33.4;29.8;p12;33.4;29.8;p13;33.4;29.8;p14;33.4;29.8;p15;33.4;29.8
$GSTR;1;100818;dia;mes;año;7.57;p11;34.1;29.8;p12;34.1;29.8;p13;34.1;29.8;p14;34.1;29.8;p15;34.1;29.8
$GSTR;1;101018;dia;mes;año;6.58;p11;40.9;30.2;p12;40.9;30.2;p13;40.9;30.2;p14;40.9;30.2;p15;40.9;30.2
$GSTR;1;101218;dia;mes;año;5.61;p11;33.6;30.2;p12;33.6;30.2;p13;33.6;30.2;p14;33.6;30.2;p15;33.6;30.2
$GSTR;1;101418;dia;mes;año;4.91;p11;41.4;29.9;p12;41.4;29.9;p13;41.4;29.9;p14;41.4;29.9;p15;41.4;29.9
$GSTR;1;101618;dia;mes;año;5.72;p11;33;29.7;p12;33;29.7;p13;33;29.7;p14;33;29.7;p15;33;29.7
$GSTR;1;101818;dia;mes;año;0;p11;42.4;29.7;p12;42.4;29.7;p13;42.4;29.7;p14;42.4;29.7;p15;42.4;29.7
$GSTR;1;102018;dia;mes;año;0;p11;41.8;30.7;p12;41.8;30.7;p13;41.8;30.7;p14;41.8;30.7;p15;41.8;30.7
$GSTR;1;102218;dia;mes;año;7.19;p11;41.7;31.5;p12;41.7;31.5;p13;41.7;31.5;p14;41.7;31.5;p15;41.7;31.5
$GSTR;1;102418;dia;mes;año;0;p11;41.5;31.3;p12;41.5;31.3;p13;41.5;31.3;p14;41.5;31.3;p15;41.5;31.3
$GSTR;1;102618;dia;mes;año;0;p11;34;31.5;p12;34;31.5;p13;34;31.5;p14;34;31.5;p15;34;31.5
$GSTR;1;102818;dia;mes;año;5.07;p11;32.9;31.3;p12;32.9;31.3;p13;32.9;31.3;p14;32.9;31.3;p15;32.9;31.3
$GSTR;1;103018;dia;mes;año;0;p11;41.1;31.8;p12;41.1;31.8;p13;41.1;31.8;p14;41.1;31.8;p15;41.1;31.8
$GSTR;1;103218;dia;mes;año;0;p11;33.6;31.6;p12;33.6;31.6;p13;33.6;31.6;p14;33.6;31.6;p15;33.6;31.6
$GSTR;1;103418;dia;mes;año;0;p11;33.6;31.8;p12;33.6;31.8;p13;33.6;31.8;p14;33.6;31.8;p15;33.6;31.8
$GSTR;1;103618;dia;mes;año;7.3;p11;41.2;32.3;p12;41.2;32.3;p13;41.2;32.3;p14;41.2;32.3;p15;41.2;32.3
$GSTR;1;103818;dia;mes;año;6.48;p11;41.2;31.9;p12;41.2;31.9;p13;41.2;31.9;p14;41.2;31.9;p15;41.2;31.9
$GSTR;1;104018;dia;mes;año;0;p11;40.9;32.3;p12;40.9;32.3;p13;40.9;32.3;p14;40.9;32.3;p15;40.9;32.3
$GSTR;1;104218;dia;mes;año;0;p11;40.9;32.7;p12;40.9;32.7;p13;40.9;32.7;p14;40.9;32.7;p15;40.9;32.7
$GSTR;1;104418;dia;mes;año;6.62;p11;40.7;33.3;p12;40.7;33.3;p13;40.7;33.3;p14;40.7;33.3;p15;40.7;33.3
$GSTR;1;104618;dia;mes;año;6.52;p11;40.8;33;p12;40.8;33;p13;40.8;33;p14;40.8;33;p15;40.8;33
$GSTR;1;104818;dia;mes;año;0;p11;41.2;32.2;p12;41.2;32.2;p13;41.2;32.2;p14;41.2;32.2;p15;41.2;32.2
$GSTR;1;105018;dia;mes;año;0;p11;41.5;31;p12;41.5;31;p13;41.5;31;p14;41.5;31;p15;41.5;31
$GSTR;1;105218;dia;mes;año;0;p11;41.5;30.6;p12;41.5;30.6;p13;41.5;30.6;p14;41.5;30.6;p15;41.5;30.6
$GSTR;1;105618;dia;mes;año;0;p11;41.6;30.8;p12;41.6;30.8;p13;41.6;30.8;p14;41.6;30.8;p15;41.6;30.8
$GSTR;1;105818;dia;mes;año;0;p11;41.9;30.3;p12;41.9;30.3;p13;41.9;30.3;p14;41.9;30.3;p15;41.9;30.3
$GSTR;1;110018;dia;mes;año;0;p11;41.4;31.9;p12;41.4;31.9;p13;41.4;31.9;p14;41.4;31.9;p15;41.4;31.9
$GSTR;1;110218;dia;mes;año;0;p11;41.3;32;p12;41.3;32;p13;41.3;32;p14;41.3;32;p15;41.3;32
$GSTR;1;110618;dia;mes;año;0;p11;40.9;33.3;p12;40.9;33.3;p13;40.9;33.3;p14;40.9;33.3;p15;40.9;33.3
$GSTR;1;110818;dia;mes;año;0;p11;40.6;33.8;p12;40.6;33.8;p13;40.6;33.8;p14;40.6;33.8;p15;40.6;33.8
$GSTR;1;111018;dia;mes;año;0;p11;40.7;32.9;p12;40.7;32.9;p13;40.7;32.9;p14;40.7;32.9;p15;40.7;32.9
$GSTR;1;111218;dia;mes;año;0;p11;40.8;33.5;p12;40.8;33.5;p13;40.8;33.5;p14;40.8;33.5;p15;40.8;33.5
$GSTR;1;111618;dia;mes;año;0;p11;40.9;33.3;p12;40.9;33.3;p13;40.9;33.3;p14;40.9;33.3;p15;40.9;33.3
$GSTR;1;111818;dia;mes;año;0;p11;40.8;34;p12;40.8;34;p13;40.8;34;p14;40.8;34;p15;40.8;34
$GSTR;1;112018;dia;mes;año;0;p11;40.7;34;p12;40.7;34;p13;40.7;34;p14;40.7;34;p15;40.7;34
$GSTR;1;112218;dia;mes;año;0;p11;40.5;34.5;p12;40.5;34.5;p13;40.5;34.5;p14;40.5;34.5;p15;40.5;34.5
$GSTR;1;112618;dia;mes;año;0;p11;40.4;34.7;p12;40.4;34.7;p13;40.4;34.7;p14;40.4;34.7;p15;40.4;34.7
$GSTR;1;112818;dia;mes;año;0;p11;40.4;34;p12;40.4;34;p13;40.4;34;p14;40.4;34;p15;40.4;34
$GSTR;1;113018;dia;mes;año;0;p11;40.4;34.6;p12;40.4;34.6;p13;40.4;34.6;p14;40.4;34.6;p15;40.4;34.6
$GSTR;1;113218;dia;mes;año;0;p11;40.5;34.6;p12;40.5;34.6;p13;40.5;34.6;p14;40.5;34.6;p15;40.5;34.6
$GSTR;1;113418;dia;mes;año;0;p11;40.4;34.4;p12;40.4;34.4;p13;40.4;34.4;p14;40.4;34.4;p15;40.4;34.4
$GSTR;1;113618;dia;mes;año;0;p11;40.3;34.8;p12;40.3;34.8;p13;40.3;34.8;p14;40.3;34.8;p15;40.3;34.8
$GSTR;1;113818;dia;mes;año;0;p11;31.3;35.2;p12;31.3;35.2;p13;31.3;35.2;p14;31.3;35.2;p15;31.3;35.2
$GSTR;1;114018;dia;mes;año;0;p11;31.9;34.2;p12;31.9;34.2;p13;31.9;34.2;p14;31.9;34.2;p15;31.9;34.2
$GSTR;1;114218;dia;mes;año;0;p11;31.9;34.5;p12;31.9;34.5;p13;31.9;34.5;p14;31.9;34.5;p15;31.9;34.5
$GSTR;1;114418;dia;mes;año;0;p11;32.2;34.2;p12;32.2;34.2;p13;32.2;34.2;p14;32.2;34.2;p15;32.2;34.2
$GSTR;1;114618;dia;mes;año;0;p11;41.6;33.6;p12;41.6;33.6;p13;41.6;33.6;p14;41.6;33.6;p15;41.6;33.6
$GSTR;1;114818;dia;mes;año;0.07;p11;41.2;33.9;p12;41.2;33.9;p13;41.2;33.9;p14;41.2;33.9;p15;41.2;33.9
$GSTR;1;115018;dia;mes;año;8.03;p11;41.2;32.6;p12;41.2;32.6;p13;41.2;32.6;p14;41.2;32.6;p15;41.2;32.6
$GSTR;1;115218;dia;mes;año;7.85;p11;32.8;32.2;p12;32.8;32.2;p13;32.8;32.2;p14;32.8;32.2;p15;32.8;32.2
$GSTR;1;115418;dia;mes;año;8.14;p11;33.6;31.9;p12;33.6;31.9;p13;33.6;31.9;p14;33.6;31.9;p15;33.6;31.9
$GSTR;1;115618;dia;mes;año;5.79;p11;32.9;32.7;p12;32.9;32.7;p13;32.9;32.7;p14;32.9;32.7;p15;32.9;32.7
$GSTR;1;115818;dia;mes;año;0;p11;32.7;33.6;p12;32.7;33.6;p13;32.7;33.6;p14;32.7;33.6;p15;32.7;33.6
$GSTR;1;120018;dia;mes;año;0;p11;33.3;33.8;p12;33.3;33.8;p13;33.3;33.8;p14;33.3;33.8;p15;33.3;33.8
$GSTR;1;120218;dia;mes;año;0;p11;32.7;33.6;p12;32.7;33.6;p13;32.7;33.6;p14;32.7;33.6;p15;32.7;33.6
$GSTR;1;120418;dia;mes;año;7.67;p11;32.2;33.3;p12;32.2;33.3;p13;32.2;33.3;p14;32.2;33.3;p15;32.2;33.3
$GSTR;1;120618;dia;mes;año;7.7;p11;31.6;33.3;p12;31.6;33.3;p13;31.6;33.3;p14;31.6;33.3;p15;31.6;33.3
$GSTR;1;120818;dia;mes;año;7.64;p11;32.2;34.4;p12;32.2;34.4;p13;32.2;34.4;p14;32.2;34.4;p15;32.2;34.4
$GSTR;1;121018;dia;mes;año;7.95;p11;32.1;34.6;p12;32.1;34.6;p13;32.1;34.6;p14;32.1;34.6;p15;32.1;34.6
$GSTR;1;121218;dia;mes;año;7.85;p11;31.4;34.8;p12;31.4;34.8;p13;31.4;34.8;p14;31.4;34.8;p15;31.4;34.8
$GSTR;1;121418;dia;mes;año;7.62;p11;31.9;34.7;p12;31.9;34.7;p13;31.9;34.7;p14;31.9;34.7;p15;31.9;34.7
$GSTR;1;121618;dia;mes;año;7.83;p11;32;34.6;p12;32;34.6;p13;32;34.6;p14;32;34.6;p15;32;34.6
$GSTR;1;121818;dia;mes;año;7.82;p11;40.5;34.5;p12;40.5;34.5;p13;40.5;34.5;p14;40.5;34.5;p15;40.5;34.5
$GSTR;1;122018;dia;mes;año;7.99;p11;40.6;34.3;p12;40.6;34.3;p13;40.6;34.3;p14;40.6;34.3;p15;40.6;34.3
$GSTR;1;122218;dia;mes;año;7.76;p11;31.4;34.3;p12;31.4;34.3;p13;31.4;34.3;p14;31.4;34.3;p15;31.4;34.3
$GSTR;1;122418;dia;mes;año;7.62;p11;32.8;33.7;p12;32.8;33.7;p13;32.8;33.7;p14;32.8;33.7;p15;32.8;33.7
$GSTR;1;122618;dia;mes;año;7.8;p11;32.1;33.6;p12;32.1;33.6;p13;32.1;33.6;p14;32.1;33.6;p15;32.1;33.6
$GSTR;1;122818;dia;mes;año;7.44;p11;32.9;33.9;p12;32.9;33.9;p13;32.9;33.9;p14;32.9;33.9;p15;32.9;33.9
$GSTR;1;123018;dia;mes;año;7.51;p11;41.3;33.3;p12;41.3;33.3;p13;41.3;33.3;p14;41.3;33.3;p15;41.3;33.3
$GSTR;1;123218;dia;mes;año;0;p11;41.3;32.7;p12;41.3;32.7;p13;41.3;32.7;p14;41.3;32.7;p15;41.3;32.7
$GSTR;1;123618;dia;mes;año;7.75;p11;31.9;34.2;p12;31.9;34.2;p13;31.9;34.2;p14;31.9;34.2;p15;31.9;34.2
$GSTR;1;123818;dia;mes;año;7.59;p11;32.6;35;p12;32.6;35;p13;32.6;35;p14;32.6;35;p15;32.6;35
$GSTR;1;124018;dia;mes;año;7.54;p11;40.7;35;p12;40.7;35;p13;40.7;35;p14;40.7;35;p15;40.7;35
$GSTR;1;124218;dia;mes;año;7.46;p11;40.5;35.3;p12;40.5;35.3;p13;40.5;35.3;p14;40.5;35.3;p15;40.5;35.3
$GSTR;1;124418;dia;mes;año;0;p11;40.4;35.8;p12;40.4;35.8;p13;40.4;35.8;p14;40.4;35.8;p15;40.4;35.8
$GSTR;1;124618;dia;mes;año;0.07;p11;31.1;35.4;p12;31.1;35.4;p13;31.1;35.4;p14;31.1;35.4;p15;31.1;35.4
$GSTR;1;124818;dia;mes;año;7.57;p11;31.7;35.5;p12;31.7;35.5;p13;31.7;35.5;p14;31.7;35.5;p15;31.7;35.5
$GSTR;1;125018;dia;mes;año;0;p11;31.6;36.1;p12;31.6;36.1;p13;31.6;36.1;p14;31.6;36.1;p15;31.6;36.1
$GSTR;1;125218;dia;mes;año;0;p11;30.9;35.6;p12;30.9;35.6;p13;30.9;35.6;p14;30.9;35.6;p15;30.9;35.6
$GSTR;1;125418;dia;mes;año;7.48;p11;32.4;35;p12;32.4;35;p13;32.4;35;p14;32.4;35;p15;32.4;35
$GSTR;1;125618;dia;mes;año;0;p11;31.5;35;p12;31.5;35;p13;31.5;35;p14;31.5;35;p15;31.5;35
$GSTR;1;125818;dia;mes;año;7.42;p11;30;34;p12;30;34;p13;30;34;p14;30;34;p15;30;34
$GSTR;1;130018;dia;mes;año;7.73;p11;33;33.9;p12;33;33.9;p13;33;33.9;p14;33;33.9;p15;33;33.9
$GSTR;1;130218;dia;mes;año;7.33;p11;32.3;34.4;p12;32.3;34.4;p13;32.3;34.4;p14;32.3;34.4;p15;32.3;34.4
$GSTR;1;130418;dia;mes;año;7.62;p11;30;34.2;p12;30;34.2;p13;30;34.2;p14;30;34.2;p15;30;34.2
$GSTR;1;130618;dia;mes;año;7.04;p11;33;33.8;p12;33;33.8;p13;33;33.8;p14;33;33.8;p15;33;33.8
$GSTR;1;130818;dia;mes;año;7.27;p11;33;32.6;p12;33;32.6;p13;33;32.6;p14;33;32.6;p15;33;32.6
$GSTR;1;131018;dia;mes;año;6.93;p11;29.3;32.8;p12;29.3;32.8;p13;29.3;32.8;p14;29.3;32.8;p15;29.3;32.8
$GSTR;1;131218;dia;mes;año;7.24;p11;32.8;33.5;p12;32.8;33.5;p13;32.8;33.5;p14;32.8;33.5;p15;32.8;33.5
$GSTR;1;131418;dia;mes;año;7.19;p11;32.9;33.8;p12;32.9;33.8;p13;32.9;33.8;p14;32.9;33.8;p15;32.9;33.8
$GSTR;1;131618;dia;mes;año;7.18;p11;29.1;34.4;p12;29.1;34.4;p13;29.1;34.4;p14;29.1;34.4;p15;29.1;34.4
$GSTR;1;131818;dia;mes;año;7.01;p11;32.1;34.4;p12;32.1;34.4;p13;32.1;34.4;p14;32.1;34.4;p15;32.1;34.4
$GSTR;1;132018;dia;mes;año;6.67;p11;32.2;35;p12;32.2;35;p13;32.2;35;p14;32.2;35;p15;32.2;35
$GSTR;1;132218;dia;mes;año;6.86;p11;29.9;35.5;p12;29.9;35.5;p13;29.9;35.5;p14;29.9;35.5;p15;29.9;35.5
$GSTR;1;132418;dia;mes;año;7.26;p11;32.1;35.6;p12;32.1;35.6;p13;32.1;35.6;p14;32.1;35.6;p15;32.1;35.6
$GSTR;1;132618;dia;mes;año;7.01;p11;32.1;35.7;p12;32.1;35.7;p13;32.1;35.7;p14;32.1;35.7;p15;32.1;35.7
$GSTR;1;132818;dia;mes;año;6.89;p11;29.7;35.8;p12;29.7;35.8;p13;29.7;35.8;p14;29.7;35.8;p15;29.7;35.8
$GSTR;1;133018;dia;mes;año;6.93;p11;32.4;35.5;p12;32.4;35.5;p13;32.4;35.5;p14;32.4;35.5;p15;32.4;35.5
$GSTR;1;133218;dia;mes;año;7.02;p11;32.4;35.1;p12;32.4;35.1;p13;32.4;35.1;p14;32.4;35.1;p15;32.4;35.1
$GSTR;1;133418;dia;mes;año;6.91;p11;28.8;35.2;p12;28.8;35.2;p13;28.8;35.2;p14;28.8;35.2;p15;28.8;35.2
$GSTR;1;133618;dia;mes;año;6.82;p11;32.3;35.3;p12;32.3;35.3;p13;32.3;35.3;p14;32.3;35.3;p15;32.3;35.3
$GSTR;1;133818;dia;mes;año;6.85;p11;32.3;34.9;p12;32.3;34.9;p13;32.3;34.9;p14;32.3;34.9;p15;32.3;34.9
$GSTR;1;134018;dia;mes;año;6.68;p11;29.3;34.3;p12;29.3;34.3;p13;29.3;34.3;p14;29.3;34.3;p15;29.3;34.3
$GSTR;1;134218;dia;mes;año;6.83;p11;33.5;34.2;p12;33.5;34.2;p13;33.5;34.2;p14;33.5;34.2;p15;33.5;34.2
$GSTR;1;134418;dia;mes;año;6.77;p11;32.4;33.7;p12;32.4;33.7;p13;32.4;33.7;p14;32.4;33.7;p15;32.4;33.7
$GSTR;1;134618;dia;mes;año;6.78;p11;31;33.2;p12;31;33.2;p13;31;33.2;p14;31;33.2;p15;31;33.2
$GSTR;1;134818;dia;mes;año;6.77;p11;33.4;33.2;p12;33.4;33.2;p13;33.4;33.2;p14;33.4;33.2;p15;33.4;33.2
$GSTR;1;135018;dia;mes;año;6.73;p11;33.5;33.6;p12;33.5;33.6;p13;33.5;33.6;p14;33.5;33.6;p15;33.5;33.6
$GSTR;1;135218;dia;mes;año;6.76;p11;29.1;33.7;p12;29.1;33.7;p13;29.1;33.7;p14;29.1;33.7;p15;29.1;33.7
$GSTR;1;135418;dia;mes;año;6.45;p11;32.7;33.8;p12;32.7;33.8;p13;32.7;33.8;p14;32.7;33.8;p15;32.7;33.8
$GSTR;1;135618;dia;mes;año;4.33;p11;33.4;34.1;p12;33.4;34.1;p13;33.4;34.1;p14;33.4;34.1;p15;33.4;34.1
$GSTR;1;135818;dia;mes;año;3.72;p11;29.6;34.6;p12;29.6;34.6;p13;29.6;34.6;p14;29.6;34.6;p15;29.6;34.6
$GSTR;1;140018;dia;mes;año;4.58;p11;32.6;34.7;p12;32.6;34.7;p13;32.6;34.7;p14;32.6;34.7;p15;32.6;34.7
$GSTR;1;140218;dia;mes;año;5.37;p11;33.3;34.6;p12;33.3;34.6;p13;33.3;34.6;p14;33.3;34.6;p15;33.3;34.6
$GSTR;1;140418;dia;mes;año;5.44;p11;29.4;34.5;p12;29.4;34.5;p13;29.4;34.5;p14;29.4;34.5;p15;29.4;34.5
$GSTR;1;140618;dia;mes;año;5.71;p11;32.5;34.8;p12;32.5;34.8;p13;32.5;34.8;p14;32.5;34.8;p15;32.5;34.8
$GSTR;1;140818;dia;mes;año;4.64;p11;33;34.6;p12;33;34.6;p13;33;34.6;p14;33;34.6;p15;33;34.6
$GSTR;1;141018;dia;mes;año;6.11;p11;30.5;34.3;p12;30.5;34.3;p13;30.5;34.3;p14;30.5;34.3;p15;30.5;34.3
$GSTR;1;141218;dia;mes;año;6.5;p11;31.6;33.7;p12;31.6;33.7;p13;31.6;33.7;p14;31.6;33.7;p15;31.6;33.7
$GSTR;1;141418;dia;mes;año;6.24;p11;34.2;32.6;p12;34.2;32.6;p13;34.2;32.6;p14;34.2;32.6;p15;34.2;32.6
$GSTR;1;141618;dia;mes;año;6.15;p11;29.3;32.5;p12;29.3;32.5;p13;29.3;32.5;p14;29.3;32.5;p15;29.3;32.5
$GSTR;1;141818;dia;mes;año;6.15;p11;34.1;31.7;p12;34.1;31.7;p13;34.1;31.7;p14;34.1;31.7;p15;34.1;31.7
$GSTR;1;142018;dia;mes;año;6.03;p11;34.4;32.6;p12;34.4;32.6;p13;34.4;32.6;p14;34.4;32.6;p15;34.4;32.6
$GSTR;1;142218;dia;mes;año;6.2;p11;30.7;33;p12;30.7;33;p13;30.7;33;p14;30.7;33;p15;30.7;33
$GSTR;1;142418;dia;mes;año;4.6;p11;34;32.1;p12;34;32.1;p13;34;32.1;p14;34;32.1;p15;34;32.1
$GSTR;1;142618;dia;mes;año;2.94;p11;33.1;33;p12;33.1;33;p13;33.1;33;p14;33.1;33;p15;33.1;33
$GSTR;1;142818;dia;mes;año;3.17;p11;30.6;32.6;p12;30.6;32.6;p13;30.6;32.6;p14;30.6;32.6;p15;30.6;32.6
$GSTR;1;143018;dia;mes;año;3.87;p11;33.1;32.2;p12;33.1;32.2;p13;33.1;32.2;p14;33.1;32.2;p15;33.1;32.2
$GSTR;1;143218;dia;mes;año;2.96;p11;32.9;32.8;p12;32.9;32.8;p13;32.9;32.8;p14;32.9;32.8;p15;32.9;32.8
$GSTR;1;143418;dia;mes;año;5.82;p11;30.6;32.4;p12;30.6;32.4;p13;30.6;32.4;p14;30.6;32.4;p15;30.6;32.4
$GSTR;1;143618;dia;mes;año;5.83;p11;33.9;32;p12;33.9;32;p13;33.9;32;p14;33.9;32;p15;33.9;32
$GSTR;1;143818;dia;mes;año;5.76;p11;34.3;32;p12;34.3;32;p13;34.3;32;p14;34.3;32;p15;34.3;32
$GSTR;1;144018;dia;mes;año;5.63;p11;26.1;32;p12;26.1;32;p13;26.1;32;p14;26.1;32;p15;26.1;32
$GSTR;1;144219;dia;mes;año;5.54;p11;30;32.4;p12;30;32.4;p13;30;32.4;p14;30;32.4;p15;30;32.4
$GSTR;1;144418;dia;mes;año;5.09;p11;32.4;32.8;p12;32.4;32.8;p13;32.4;32.8;p14;32.4;32.8;p15;32.4;32.8
$GSTR;1;144619;dia;mes;año;5.47;p11;34;32.9;p12;34;32.9;p13;34;32.9;p14;34;32.9;p15;34;32.9
$GSTR;1;144818;dia;mes;año;5.13;p11;29.9;32.6;p12;29.9;32.6;p13;29.9;32.6;p14;29.9;32.6;p15;29.9;32.6
$GSTR;1;145019;dia;mes;año;5.27;p11;33.2;32.3;p12;33.2;32.3;p13;33.2;32.3;p14;33.2;32.3;p15;33.2;32.3
$GSTR;1;145218;dia;mes;año;5.15;p11;33;32.5;p12;33;32.5;p13;33;32.5;p14;33;32.5;p15;33;32.5
$GSTR;1;145418;dia;mes;año;5.01;p11;30.5;32.2;p12;30.5;32.2;p13;30.5;32.2;p14;30.5;32.2;p15;30.5;32.2
$GSTR;1;145618;dia;mes;año;5;p11;33.3;32.1;p12;33.3;32.1;p13;33.3;32.1;p14;33.3;32.1;p15;33.3;32.1
$GSTR;1;145818;dia;mes;año;4.92;p11;32.7;32.4;p12;32.7;32.4;p13;32.7;32.4;p14;32.7;32.4;p15;32.7;32.4
$GSTR;1;150019;dia;mes;año;5.09;p11;30.4;31.2;p12;30.4;31.2;p13;30.4;31.2;p14;30.4;31.2;p15;30.4;31.2
$GSTR;1;150218;dia;mes;año;4.49;p11;33.3;31;p12;33.3;31;p13;33.3;31;p14;33.3;31;p15;33.3;31
$GSTR;1;150419;dia;mes;año;4.91;p11;34.7;30.7;p12;34.7;30.7;p13;34.7;30.7;p14;34.7;30.7;p15;34.7;30.7
$GSTR;1;150618;dia;mes;año;4.83;p11;31.1;31.3;p12;31.1;31.3;p13;31.1;31.3;p14;31.1;31.3;p15;31.1;31.3
$GSTR;1;150818;dia;mes;año;4.63;p11;33.6;31.3;p12;33.6;31.3;p13;33.6;31.3;p14;33.6;31.3;p15;33.6;31.3
$GSTR;1;151018;dia;mes;año;4.61;p11;33.7;30.6;p12;33.7;30.6;p13;33.7;30.6;p14;33.7;30.6;p15;33.7;30.6
$GSTR;1;151219;dia;mes;año;4.45;p11;31.3;30.5;p12;31.3;30.5;p13;31.3;30.5;p14;31.3;30.5;p15;31.3;30.5
$GSTR;1;151418;dia;mes;año;4.51;p11;34.8;30.3;p12;34.8;30.3;p13;34.8;30.3;p14;34.8;30.3;p15;34.8;30.3
$GSTR;1;151618;dia;mes;año;4.55;p11;34.5;30;p12;34.5;30;p13;34.5;30;p14;34.5;30;p15;34.5;30
$GSTR;1;151819;dia;mes;año;4.3;p11;31;29.9;p12;31;29.9;p13;31;29.9;p14;31;29.9;p15;31;29.9
$GSTR;1;152019;dia;mes;año;2.1;p11;34.9;29.7;p12;34.9;29.7;p13;34.9;29.7;p14;34.9;29.7;p15;34.9;29.7
$GSTR;1;152219;dia;mes;año;4.34;p11;34.2;29.8;p12;34.2;29.8;p13;34.2;29.8;p14;34.2;29.8;p15;34.2;29.8
$GSTR;1;152418;dia;mes;año;4.25;p11;30.8;29.7;p12;30.8;29.7;p13;30.8;29.7;p14;30.8;29.7;p15;30.8;29.7
$GSTR;1;152619;dia;mes;año;4.22;p11;33.7;29.2;p12;33.7;29.2;p13;33.7;29.2;p14;33.7;29.2;p15;33.7;29.2
$GSTR;1;152818;dia;mes;año;4.19;p11;34.7;28.9;p12;34.7;28.9;p13;34.7;28.9;p14;34.7;28.9;p15;34.7;28.9
$GSTR;1;153019;dia;mes;año;4.01;p11;31.4;29;p12;31.4;29;p13;31.4;29;p14;31.4;29;p15;31.4;29
$GSTR;1;153218;dia;mes;año;3.98;p11;33.1;29.1;p12;33.1;29.1;p13;33.1;29.1;p14;33.1;29.1;p15;33.1;29.1
$GSTR;1;153419;dia;mes;año;3.96;p11;34.4;28.9;p12;34.4;28.9;p13;34.4;28.9;p14;34.4;28.9;p15;34.4;28.9
$GSTR;1;153618;dia;mes;año;3.83;p11;31.1;28.6;p12;31.1;28.6;p13;31.1;28.6;p14;31.1;28.6;p15;31.1;28.6
$GSTR;1;153819;dia;mes;año;3.83;p11;31.9;28.4;p12;31.9;28.4;p13;31.9;28.4;p14;31.9;28.4;p15;31.9;28.4
$GSTR;1;154019;dia;mes;año;3.73;p11;34.1;28.7;p12;34.1;28.7;p13;34.1;28.7;p14;34.1;28.7;p15;34.1;28.7
$GSTR;1;154219;dia;mes;año;3.74;p11;34;28.5;p12;34;28.5;p13;34;28.5;p14;34;28.5;p15;34;28.5
$GSTR;1;154419;dia;mes;año;3.64;p11;32;28.3;p12;32;28.3;p13;32;28.3;p14;32;28.3;p15;32;28.3
$GSTR;1;154618;dia;mes;año;3.58;p11;34.1;28.6;p12;34.1;28.6;p13;34.1;28.6;p14;34.1;28.6;p15;34.1;28.6
$GSTR;1;154819;dia;mes;año;3.58;p11;34.1;28.6;p12;34.1;28.6;p13;34.1;28.6;p14;34.1;28.6;p15;34.1;28.6
$GSTR;1;155019;dia;mes;año;3.47;p11;32;28.6;p12;32;28.6;p13;32;28.6;p14;32;28.6;p15;32;28.6
$GSTR;1;155219;dia;mes;año;3.43;p11;35.1;28.5;p12;35.1;28.5;p13;35.1;28.5;p14;35.1;28.5;p15;35.1;28.5
$GSTR;1;155419;dia;mes;año;3.4;p11;35;29.1;p12;35;29.1;p13;35;29.1;p14;35;29.1;p15;35;29.1
$GSTR;1;155619;dia;mes;año;3.29;p11;29.7;30.3;p12;29.7;30.3;p13;29.7;30.3;p14;29.7;30.3;p15;29.7;30.3
$GSTR;1;155819;dia;mes;año;3.22;p11;35.4;31.6;p12;35.4;31.6;p13;35.4;31.6;p14;35.4;31.6;p15;35.4;31.6
$GSTR;1;160019;dia;mes;año;3.1;p11;35.1;33.5;p12;35.1;33.5;p13;35.1;33.5;p14;35.1;33.5;p15;35.1;33.5
$GSTR;1;160219;dia;mes;año;3.08;p11;32.3;33.9;p12;32.3;33.9;p13;32.3;33.9;p14;32.3;33.9;p15;32.3;33.9
$GSTR;1;160419;dia;mes;año;3.05;p11;35.2;34;p12;35.2;34;p13;35.2;34;p14;35.2;34;p15;35.2;34
$GSTR;1;160619;dia;mes;año;2.97;p11;34.8;33.6;p12;34.8;33.6;p13;34.8;33.6;p14;34.8;33.6;p15;34.8;33.6
$GSTR;1;160819;dia;mes;año;2.88;p11;32;33.1;p12;32;33.1;p13;32;33.1;p14;32;33.1;p15;32;33.1
$GSTR;1;161019;dia;mes;año;2.86;p11;35.1;32.9;p12;35.1;32.9;p13;35.1;32.9;p14;35.1;32.9;p15;35.1;32.9
$GSTR;1;161219;dia;mes;año;2.69;p11;34.5;33.6;p12;34.5;33.6;p13;34.5;33.6;p14;34.5;33.6;p15;34.5;33.6
$GSTR;1;161419;dia;mes;año;2.67;p11;31.6;33.7;p12;31.6;33.7;p13;31.6;33.7;p14;31.6;33.7;p15;31.6;33.7
$GSTR;1;161619;dia;mes;año;2.62;p11;34.6;33.5;p12;34.6;33.5;p13;34.6;33.5;p14;34.6;33.5;p15;34.6;33.5
$GSTR;1;161819;dia;mes;año;2.53;p11;35.2;32.9;p12;35.2;32.9;p13;35.2;32.9;p14;35.2;32.9;p15;35.2;32.9
$GSTR;1;162019;dia;mes;año;2.46;p11;31.4;33.8;p12;31.4;33.8;p13;31.4;33.8;p14;31.4;33.8;p15;31.4;33.8
$GSTR;1;162219;dia;mes;año;2.44;p11;34.5;33.9;p12;34.5;33.9;p13;34.5;33.9;p14;34.5;33.9;p15;34.5;33.9
$GSTR;1;162419;dia;mes;año;2.38;p11;35.1;32.9;p12;35.1;32.9;p13;35.1;32.9;p14;35.1;32.9;p15;35.1;32.9
$GSTR;1;162619;dia;mes;año;2.31;p11;30.8;32.5;p12;30.8;32.5;p13;30.8;32.5;p14;30.8;32.5;p15;30.8;32.5
$GSTR;1;162819;dia;mes;año;2.26;p11;34.4;32.2;p12;34.4;32.2;p13;34.4;32.2;p14;34.4;32.2;p15;34.4;32.2
$GSTR;1;163019;dia;mes;año;2.19;p11;34.8;31.8;p12;34.8;31.8;p13;34.8;31.8;p14;34.8;31.8;p15;34.8;31.8
$GSTR;1;163219;dia;mes;año;2.13;p11;29.5;32;p12;29.5;32;p13;29.5;32;p14;29.5;32;p15;29.5;32
$GSTR;1;163419;dia;mes;año;2.08;p11;34.2;30.6;p12;34.2;30.6;p13;34.2;30.6;p14;34.2;30.6;p15;34.2;30.6
$GSTR;1;163619;dia;mes;año;1.98;p11;34.4;29.8;p12;34.4;29.8;p13;34.4;29.8;p14;34.4;29.8;p15;34.4;29.8
$GSTR;1;163819;dia;mes;año;1.94;p11;29.6;28.7;p12;29.6;28.7;p13;29.6;28.7;p14;29.6;28.7;p15;29.6;28.7
$GSTR;1;164019;dia;mes;año;1.83;p11;34.4;28.1;p12;34.4;28.1;p13;34.4;28.1;p14;34.4;28.1;p15;34.4;28.1
$GSTR;1;164219;dia;mes;año;1.79;p11;34.4;27.9;p12;34.4;27.9;p13;34.4;27.9;p14;34.4;27.9;p15;34.4;27.9
$GSTR;1;164419;dia;mes;año;1.73;p11;35.5;27.3;p12;35.5;27.3;p13;35.5;27.3;p14;35.5;27.3;p15;35.5;27.3
$GSTR;1;164619;dia;mes;año;1.65;p11;31;26.9;p12;31;26.9;p13;31;26.9;p14;31;26.9;p15;31;26.9
$GSTR;1;164819;dia;mes;año;1.61;p11;34.4;26.7;p12;34.4;26.7;p13;34.4;26.7;p14;34.4;26.7;p15;34.4;26.7
$GSTR;1;165019;dia;mes;año;1.55;p11;34.9;26.3;p12;34.9;26.3;p13;34.9;26.3;p14;34.9;26.3;p15;34.9;26.3
$GSTR;1;165219;dia;mes;año;1.46;p11;30.1;25.7;p12;30.1;25.7;p13;30.1;25.7;p14;30.1;25.7;p15;30.1;25.7
$GSTR;1;165419;dia;mes;año;1.41;p11;37.7;25.4;p12;37.7;25.4;p13;37.7;25.4;p14;37.7;25.4;p15;37.7;25.4
$GSTR;1;165619;dia;mes;año;1.35;p11;36.6;25.1;p12;36.6;25.1;p13;36.6;25.1;p14;36.6;25.1;p15;36.6;25.1
$GSTR;1;165819;dia;mes;año;1.29;p11;12.8;25.1;p12;12.8;25.1;p13;12.8;25.1;p14;12.8;25.1;p15;12.8;25.1
$GSTR;1;170019;dia;mes;año;1.24;p11;33.3;25;p12;33.3;25;p13;33.3;25;p14;33.3;25;p15;33.3;25
$GSTR;1;170219;dia;mes;año;1.19;p11;31.7;24.6;p12;31.7;24.6;p13;31.7;24.6;p14;31.7;24.6;p15;31.7;24.6
$GSTR;1;170419;dia;mes;año;1.11;p11;26.7;24.6;p12;26.7;24.6;p13;26.7;24.6;p14;26.7;24.6;p15;26.7;24.6
$GSTR;1;170619;dia;mes;año;1.03;p11;30.2;24.3;p12;30.2;24.3;p13;30.2;24.3;p14;30.2;24.3;p15;30.2;24.3
$GSTR;1;170819;dia;mes;año;0.51;p11;29.6;24;p12;29.6;24;p13;29.6;24;p14;29.6;24;p15;29.6;24
$GSTR;1;171019;dia;mes;año;0.31;p11;32;24.1;p12;32;24.1;p13;32;24.1;p14;32;24.1;p15;32;24.1
$GSTR;1;171219;dia;mes;año;0.48;p11;31.1;23.8;p12;31.1;23.8;p13;31.1;23.8;p14;31.1;23.8;p15;31.1;23.8
$GSTR;1;171419;dia;mes;año;0.3;p11;30.7;23.7;p12;30.7;23.7;p13;30.7;23.7;p14;30.7;23.7;p15;30.7;23.7
$GSTR;1;171619;dia;mes;año;0.28;p11;27.3;23.6;p12;27.3;23.6;p13;27.3;23.6;p14;27.3;23.6;p15;27.3;23.6
$GSTR;1;171819;dia;mes;año;0.28;p11;31.8;23.4;p12;31.8;23.4;p13;31.8;23.4;p14;31.8;23.4;p15;31.8;23.4
$GSTR;1;172019;dia;mes;año;0.26;p11;32;23.4;p12;32;23.4;p13;32;23.4;p14;32;23.4;p15;32;23.4
$GSTR;1;172219;dia;mes;año;0.25;p11;30.5;23.3;p12;30.5;23.3;p13;30.5;23.3;p14;30.5;23.3;p15;30.5;23.3
$GSTR;1;172419;dia;mes;año;0.24;p11;30.5;23.2;p12;30.5;23.2;p13;30.5;23.2;p14;30.5;23.2;p15;30.5;23.2
$GSTR;1;172619;dia;mes;año;0.24;p11;30.5;23;p12;30.5;23;p13;30.5;23;p14;30.5;23;p15;30.5;23
$GSTR;1;172819;dia;mes;año;0.24;p11;30.4;23;p12;30.4;23;p13;30.4;23;p14;30.4;23;p15;30.4;23
$GSTR;1;173019;dia;mes;año;0.23;p11;30.5;22.7;p12;30.5;22.7;p13;30.5;22.7;p14;30.5;22.7;p15;30.5;22.7
$GSTR;1;173219;dia;mes;año;0.23;p11;25.5;22.8;p12;25.5;22.8;p13;25.5;22.8;p14;25.5;22.8;p15;25.5;22.8
$GSTR;1;173419;dia;mes;año;0.22;p11;25.3;22.8;p12;25.3;22.8;p13;25.3;22.8;p14;25.3;22.8;p15;25.3;22.8
$GSTR;1;173619;dia;mes;año;0.21;p11;25.1;22.8;p12;25.1;22.8;p13;25.1;22.8;p14;25.1;22.8;p15;25.1;22.8
$GSTR;1;173819;dia;mes;año;0.21;p11;25;22.6;p12;25;22.6;p13;25;22.6;p14;25;22.6;p15;25;22.6
$GSTR;1;174019;dia;mes;año;0.21;p11;24.7;22.6;p12;24.7;22.6;p13;24.7;22.6;p14;24.7;22.6;p15;24.7;22.6
$GSTR;1;174219;dia;mes;año;0.2;p11;23.9;22.6;p12;23.9;22.6;p13;23.9;22.6;p14;23.9;22.6;p15;23.9;22.6
$GSTR;1;174419;dia;mes;año;0.2;p11;23.7;22.5;p12;23.7;22.5;p13;23.7;22.5;p14;23.7;22.5;p15;23.7;22.5
$GSTR;1;174619;dia;mes;año;0.19;p11;23.5;22.4;p12;23.5;22.4;p13;23.5;22.4;p14;23.5;22.4;p15;23.5;22.4
$GSTR;1;174819;dia;mes;año;0.19;p11;23.4;22.3;p12;23.4;22.3;p13;23.4;22.3;p14;23.4;22.3;p15;23.4;22.3
$GSTR;1;175019;dia;mes;año;0.19;p11;22.9;22.3;p12;22.9;22.3;p13;22.9;22.3;p14;22.9;22.3;p15;22.9;22.3
$GSTR;1;175219;dia;mes;año;0.19;p11;22;22.1;p12;22;22.1;p13;22;22.1;p14;22;22.1;p15;22;22.1
$GSTR;1;175419;dia;mes;año;0.18;p11;21.7;22.1;p12;21.7;22.1;p13;21.7;22.1;p14;21.7;22.1;p15;21.7;22.1
$GSTR;1;175619;dia;mes;año;0.18;p11;18.8;22;p12;18.8;22;p13;18.8;22;p14;18.8;22;p15;18.8;22
$GSTR;1;175819;dia;mes;año;0.17;p11;36.6;21.9;p12;36.6;21.9;p13;36.6;21.9;p14;36.6;21.9;p15;36.6;21.9
$GSTR;1;180019;dia;mes;año;0.16;p11;36.5;21.8;p12;36.5;21.8;p13;36.5;21.8;p14;36.5;21.8;p15;36.5;21.8
$GSTR;1;180219;dia;mes;año;0.16;p11;36.6;21.7;p12;36.6;21.7;p13;36.6;21.7;p14;36.6;21.7;p15;36.6;21.7
$GSTR;1;180419;dia;mes;año;0.15;p11;36.4;21.7;p12;36.4;21.7;p13;36.4;21.7;p14;36.4;21.7;p15;36.4;21.7
$GSTR;1;180619;dia;mes;año;0.14;p11;35.8;21.6;p12;35.8;21.6;p13;35.8;21.6;p14;35.8;21.6;p15;35.8;21.6
$GSTR;1;180819;dia;mes;año;0.14;p11;32.3;21.6;p12;32.3;21.6;p13;32.3;21.6;p14;32.3;21.6;p15;32.3;21.6
$GSTR;1;181019;dia;mes;año;0.14;p11;35.2;21.5;p12;35.2;21.5;p13;35.2;21.5;p14;35.2;21.5;p15;35.2;21.5
$GSTR;1;181219;dia;mes;año;0;p11;34.6;21.4;p12;34.6;21.4;p13;34.6;21.4;p14;34.6;21.4;p15;34.6;21.4
$GSTR;1;181419;dia;mes;año;0;p11;30.9;21.3;p12;30.9;21.3;p13;30.9;21.3;p14;30.9;21.3;p15;30.9;21.3
$GSTR;1;181619;dia;mes;año;0;p11;33.3;21.2;p12;33.3;21.2;p13;33.3;21.2;p14;33.3;21.2;p15;33.3;21.2
$GSTR;1;181819;dia;mes;año;0;p11;32.3;21.1;p12;32.3;21.1;p13;32.3;21.1;p14;32.3;21.1;p15;32.3;21.1
$GSTR;1;182019;dia;mes;año;0;p11;27.3;21.1;p12;27.3;21.1;p13;27.3;21.1;p14;27.3;21.1;p15;27.3;21.1
$GSTR;1;182219;dia;mes;año;0;p11;18.5;21.1;p12;18.5;21.1;p13;18.5;21.1;p14;18.5;21.1;p15;18.5;21.1
$GSTR;1;182419;dia;mes;año;0;p11;18.5;21.1;p12;18.5;21.1;p13;18.5;21.1;p14;18.5;21.1;p15;18.5;21.1
$GSTR;1;182619;dia;mes;año;0;p11;18.5;21.1;p12;18.5;21.1;p13;18.5;21.1;p14;18.5;21.1;p15;18.5;21.1
$GSTR;1;182819;dia;mes;año;0;p11;18.5;21.1;p12;18.5;21.1;p13;18.5;21.1;p14;18.5;21.1;p15;18.5;21.1
$GSTR;1;183019;dia;mes;año;0;p11;18.5;21.1;p12;18.5;21.1;p13;18.5;21.1;p14;18.5;21.1;p15;18.5;21.1
$GSTR;1;183219;dia;mes;año;0;p11;18.5;21.1;p12;18.5;21.1;p13;18.5;21.1;p14;18.5;21.1;p15;18.5;21.1
$GSTR;1;183419;dia;mes;año;0;p11;18.5;21.1;p12;18.5;21.1;p13;18.5;21.1;p14;18.5;21.1;p15;18.5;21.1
$GSTR;2;054417;dia;mes;año;0.21;p21;7;17.19;p22;7;17.19;p23;7;17.19;p24;7;17.19;p25;7;17.19;p26;7;17.19
$GSTR;2;054617;dia;mes;año;0.23;p21;8;17.18;p22;8;17.18;p23;8;17.18;p24;8;17.18;p25;8;17.18;p26;8;17.18
$GSTR;2;054817;dia;mes;año;0.25;p21;9;17.17;p22;9;17.17;p23;9;17.17;p24;9;17.17;p25;9;17.17;p26;9;17.17
$GSTR;2;055017;dia;mes;año;0.27;p21;10;17.16;p22;10;17.16;p23;10;17.16;p24;10;17.16;p25;10;17.16;p26;10;17.16
$GSTR;2;055217;dia;mes;año;0.3;p21;11;17.15;p22;11;17.15;p23;11;17.15;p24;11;17.15;p25;11;17.15;p26;11;17.15
$GSTR;2;055417;dia;mes;año;0.36;p21;12;17.14;p22;12;17.14;p23;12;17.14;p24;12;17.14;p25;12;17.14;p26;12;17.14
$GSTR;2;055617;dia;mes;año;0.38;p21;13;17.13;p22;13;17.13;p23;13;17.13;p24;13;17.13;p25;13;17.13;p26;13;17.13
$GSTR;2;055817;dia;mes;año;0.27;p21;14;17.12;p22;14;17.12;p23;14;17.12;p24;14;17.12;p25;14;17.12;p26;14;17.12
$GSTR;2;060017;dia;mes;año;0.28;p21;15;17.11;p22;15;17.11;p23;15;17.11;p24;15;17.11;p25;15;17.11;p26;15;17.11
$GSTR;2;060217;dia;mes;año;0.25;p21;16;17.10;p22;16;17.10;p23;16;17.10;p24;16;17.10;p25;16;17.10;p26;16;17.10
$GSTR;2;060417;dia;mes;año;0.29;p21;17;17.9;p22;17;17.9;p23;17;17.9;p24;17;17.9;p25;17;17.9;p26;17;17.9
$GSTR;2;060617;dia;mes;año;0.31;p21;18;17.8;p22;18;17.8;p23;18;17.8;p24;18;17.8;p25;18;17.8;p26;18;17.8
$GSTR;2;060817;dia;mes;año;0.35;p21;19;17.7;p22;19;17.7;p23;19;17.7;p24;19;17.7;p25;19;17.7;p26;19;17.7
$GSTR;2;061017;dia;mes;año;0.36;p21;20;17.6;p22;20;17.6;p23;20;17.6;p24;20;17.6;p25;20;17.6;p26;20;17.6
$GSTR;2;061217;dia;mes;año;0.43;p21;21;17.5;p22;21;17.5;p23;21;17.5;p24;21;17.5;p25;21;17.5;p26;21;17.5
$GSTR;2;061417;dia;mes;año;0.42;p21;22;17.4;p22;22;17.4;p23;22;17.4;p24;22;17.4;p25;22;17.4;p26;22;17.4
$GSTR;2;061617;dia;mes;año;0.42;p21;23;17.3;p22;23;17.3;p23;23;17.3;p24;23;17.3;p25;23;17.3;p26;23;17.3
$GSTR;2;061817;dia;mes;año;0.87;p21;24;17.2;p22;24;17.2;p23;24;17.2;p24;24;17.2;p25;24;17.2;p26;24;17.2
$GSTR;2;062017;dia;mes;año;0.91;p21;25;17.1;p22;25;17.1;p23;25;17.1;p24;25;17.1;p25;25;17.1;p26;25;17.1
$GSTR;2;062217;dia;mes;año;0.97;p21;26;17.0;p22;26;17.0;p23;26;17.0;p24;26;17.0;p25;26;17.0;p26;26;17.0
$GSTR;2;062417;dia;mes;año;1.03;p21;27;17.1;p22;27;17.1;p23;27;17.1;p24;27;17.1;p25;27;17.1;p26;27;17.1
$GSTR;2;062617;dia;mes;año;1.08;p21;28;17.2;p22;28;17.2;p23;28;17.2;p24;28;17.2;p25;28;17.2;p26;28;17.2
$GSTR;2;062817;dia;mes;año;1.15;p21;29;17.3;p22;29;17.3;p23;29;17.3;p24;29;17.3;p25;29;17.3;p26;29;17.3
$GSTR;2;063017;dia;mes;año;1.17;p21;38.1;17.3;p22;38.1;17.3;p23;38.1;17.3;p24;38.1;17.3;p25;38.1;17.3;p26;38.1;17.3
$GSTR;2;063217;dia;mes;año;1.22;p21;37.7;17.6;p22;37.7;17.6;p23;37.7;17.6;p24;37.7;17.6;p25;37.7;17.6;p26;37.7;17.6
$GSTR;2;063417;dia;mes;año;1.23;p21;38.8;17.7;p22;38.8;17.7;p23;38.8;17.7;p24;38.8;17.7;p25;38.8;17.7;p26;38.8;17.7
$GSTR;2;063617;dia;mes;año;1.25;p21;39;17.7;p22;39;17.7;p23;39;17.7;p24;39;17.7;p25;39;17.7;p26;39;17.7
$GSTR;2;063817;dia;mes;año;1.31;p21;38.4;17.7;p22;38.4;17.7;p23;38.4;17.7;p24;38.4;17.7;p25;38.4;17.7;p26;38.4;17.7
$GSTR;2;064017;dia;mes;año;1.37;p21;38.7;17.8;p22;38.7;17.8;p23;38.7;17.8;p24;38.7;17.8;p25;38.7;17.8;p26;38.7;17.8
$GSTR;2;064217;dia;mes;año;1.44;p21;38.7;17.9;p22;38.7;17.9;p23;38.7;17.9;p24;38.7;17.9;p25;38.7;17.9;p26;38.7;17.9
$GSTR;2;064417;dia;mes;año;1.5;p21;38.8;18;p22;38.8;18;p23;38.8;18;p24;38.8;18;p25;38.8;18;p26;38.8;18
$GSTR;2;064617;dia;mes;año;1.49;p21;38.8;18.1;p22;38.8;18.1;p23;38.8;18.1;p24;38.8;18.1;p25;38.8;18.1;p26;38.8;18.1
$GSTR;2;064817;dia;mes;año;1.61;p21;38.9;18.3;p22;38.9;18.3;p23;38.9;18.3;p24;38.9;18.3;p25;38.9;18.3;p26;38.9;18.3
$GSTR;2;065017;dia;mes;año;1.64;p21;38.9;18.4;p22;38.9;18.4;p23;38.9;18.4;p24;38.9;18.4;p25;38.9;18.4;p26;38.9;18.4
$GSTR;2;065217;dia;mes;año;1.68;p21;39.1;18.6;p22;39.1;18.6;p23;39.1;18.6;p24;39.1;18.6;p25;39.1;18.6;p26;39.1;18.6
$GSTR;2;065417;dia;mes;año;1.69;p21;39.3;18.4;p22;39.3;18.4;p23;39.3;18.4;p24;39.3;18.4;p25;39.3;18.4;p26;39.3;18.4
$GSTR;2;065617;dia;mes;año;1.74;p21;39.1;18.7;p22;39.1;18.7;p23;39.1;18.7;p24;39.1;18.7;p25;39.1;18.7;p26;39.1;18.7
$GSTR;2;065817;dia;mes;año;1.75;p21;39;19;p22;39;19;p23;39;19;p24;39;19;p25;39;19;p26;39;19
$GSTR;2;070017;dia;mes;año;1.84;p21;39.2;18.8;p22;39.2;18.8;p23;39.2;18.8;p24;39.2;18.8;p25;39.2;18.8;p26;39.2;18.8
$GSTR;2;070217;dia;mes;año;1.95;p21;37.7;19.3;p22;37.7;19.3;p23;37.7;19.3;p24;37.7;19.3;p25;37.7;19.3;p26;37.7;19.3
$GSTR;2;070417;dia;mes;año;2.3;p21;36.7;19.2;p22;36.7;19.2;p23;36.7;19.2;p24;36.7;19.2;p25;36.7;19.2;p26;36.7;19.2
$GSTR;2;070617;dia;mes;año;2.38;p21;36.2;19.2;p22;36.2;19.2;p23;36.2;19.2;p24;36.2;19.2;p25;36.2;19.2;p26;36.2;19.2
$GSTR;2;070817;dia;mes;año;2.45;p21;36.6;19.2;p22;36.6;19.2;p23;36.6;19.2;p24;36.6;19.2;p25;36.6;19.2;p26;36.6;19.2
$GSTR;2;071017;dia;mes;año;2.54;p21;36.6;19.4;p22;36.6;19.4;p23;36.6;19.4;p24;36.6;19.4;p25;36.6;19.4;p26;36.6;19.4
$GSTR;2;071217;dia;mes;año;2.61;p21;36.1;19.4;p22;36.1;19.4;p23;36.1;19.4;p24;36.1;19.4;p25;36.1;19.4;p26;36.1;19.4
$GSTR;2;071417;dia;mes;año;2.73;p21;36.4;19.5;p22;36.4;19.5;p23;36.4;19.5;p24;36.4;19.5;p25;36.4;19.5;p26;36.4;19.5
$GSTR;2;071617;dia;mes;año;2.8;p21;36.6;19.7;p22;36.6;19.7;p23;36.6;19.7;p24;36.6;19.7;p25;36.6;19.7;p26;36.6;19.7
$GSTR;2;071817;dia;mes;año;2.8;p21;36.2;19.7;p22;36.2;19.7;p23;36.2;19.7;p24;36.2;19.7;p25;36.2;19.7;p26;36.2;19.7
$GSTR;2;072017;dia;mes;año;2.89;p21;36;19.8;p22;36;19.8;p23;36;19.8;p24;36;19.8;p25;36;19.8;p26;36;19.8
$GSTR;2;072217;dia;mes;año;2.95;p21;36.4;20.2;p22;36.4;20.2;p23;36.4;20.2;p24;36.4;20.2;p25;36.4;20.2;p26;36.4;20.2
$GSTR;2;072417;dia;mes;año;3.01;p21;36.3;20.3;p22;36.3;20.3;p23;36.3;20.3;p24;36.3;20.3;p25;36.3;20.3;p26;36.3;20.3
$GSTR;2;072617;dia;mes;año;2.96;p21;35.7;20.4;p22;35.7;20.4;p23;35.7;20.4;p24;35.7;20.4;p25;35.7;20.4;p26;35.7;20.4
$GSTR;2;072817;dia;mes;año;3.12;p21;36.3;20.4;p22;36.3;20.4;p23;36.3;20.4;p24;36.3;20.4;p25;36.3;20.4;p26;36.3;20.4
$GSTR;2;073017;dia;mes;año;3.18;p21;36.2;20.3;p22;36.2;20.3;p23;36.2;20.3;p24;36.2;20.3;p25;36.2;20.3;p26;36.2;20.3
$GSTR;2;073217;dia;mes;año;3.25;p21;35.7;20.3;p22;35.7;20.3;p23;35.7;20.3;p24;35.7;20.3;p25;35.7;20.3;p26;35.7;20.3
$GSTR;2;073417;dia;mes;año;3.41;p21;36.3;20.1;p22;36.3;20.1;p23;36.3;20.1;p24;36.3;20.1;p25;36.3;20.1;p26;36.3;20.1
$GSTR;2;073617;dia;mes;año;3.44;p21;36.3;20.1;p22;36.3;20.1;p23;36.3;20.1;p24;36.3;20.1;p25;36.3;20.1;p26;36.3;20.1
$GSTR;2;073817;dia;mes;año;3.44;p21;34.1;20.7;p22;34.1;20.7;p23;34.1;20.7;p24;34.1;20.7;p25;34.1;20.7;p26;34.1;20.7
$GSTR;2;074017;dia;mes;año;3.51;p21;36.8;20.4;p22;36.8;20.4;p23;36.8;20.4;p24;36.8;20.4;p25;36.8;20.4;p26;36.8;20.4
$GSTR;2;074217;dia;mes;año;3.61;p21;36.8;20.7;p22;36.8;20.7;p23;36.8;20.7;p24;36.8;20.7;p25;36.8;20.7;p26;36.8;20.7
$GSTR;2;074417;dia;mes;año;3.59;p21;32.2;21.2;p22;32.2;21.2;p23;32.2;21.2;p24;32.2;21.2;p25;32.2;21.2;p26;32.2;21.2
$GSTR;2;074617;dia;mes;año;3.8;p21;36;20.9;p22;36;20.9;p23;36;20.9;p24;36;20.9;p25;36;20.9;p26;36;20.9
$GSTR;2;074817;dia;mes;año;3.81;p21;36.1;21.2;p22;36.1;21.2;p23;36.1;21.2;p24;36.1;21.2;p25;36.1;21.2;p26;36.1;21.2
$GSTR;2;075017;dia;mes;año;3.85;p21;32.2;21.6;p22;32.2;21.6;p23;32.2;21.6;p24;32.2;21.6;p25;32.2;21.6;p26;32.2;21.6
$GSTR;2;075217;dia;mes;año;3.95;p21;36;22.1;p22;36;22.1;p23;36;22.1;p24;36;22.1;p25;36;22.1;p26;36;22.1
$GSTR;2;075417;dia;mes;año;3.96;p21;36;22.3;p22;36;22.3;p23;36;22.3;p24;36;22.3;p25;36;22.3;p26;36;22.3
$GSTR;2;075617;dia;mes;año;4;p21;32;22.5;p22;32;22.5;p23;32;22.5;p24;32;22.5;p25;32;22.5;p26;32;22.5
$GSTR;2;075817;dia;mes;año;4.11;p21;35.9;22.8;p22;35.9;22.8;p23;35.9;22.8;p24;35.9;22.8;p25;35.9;22.8;p26;35.9;22.8
$GSTR;2;080017;dia;mes;año;4.19;p21;36;22.6;p22;36;22.6;p23;36;22.6;p24;36;22.6;p25;36;22.6;p26;36;22.6
$GSTR;2;080217;dia;mes;año;4.19;p21;32;22.2;p22;32;22.2;p23;32;22.2;p24;32;22.2;p25;32;22.2;p26;32;22.2
$GSTR;2;080417;dia;mes;año;4.33;p21;35.9;22.4;p22;35.9;22.4;p23;35.9;22.4;p24;35.9;22.4;p25;35.9;22.4;p26;35.9;22.4
$GSTR;2;080617;dia;mes;año;4.3;p21;35.9;22.4;p22;35.9;22.4;p23;35.9;22.4;p24;35.9;22.4;p25;35.9;22.4;p26;35.9;22.4
$GSTR;2;080817;dia;mes;año;4.37;p21;32;22.7;p22;32;22.7;p23;32;22.7;p24;32;22.7;p25;32;22.7;p26;32;22.7
$GSTR;2;081017;dia;mes;año;4.46;p21;35.7;23.2;p22;35.7;23.2;p23;35.7;23.2;p24;35.7;23.2;p25;35.7;23.2;p26;35.7;23.2
$GSTR;2;081217;dia;mes;año;4.52;p21;35.7;23.5;p22;35.7;23.5;p23;35.7;23.5;p24;35.7;23.5;p25;35.7;23.5;p26;35.7;23.5
$GSTR;2;081418;dia;mes;año;4.55;p21;31.7;23.5;p22;31.7;23.5;p23;31.7;23.5;p24;31.7;23.5;p25;31.7;23.5;p26;31.7;23.5
$GSTR;2;081617;dia;mes;año;4.57;p21;35.5;23.7;p22;35.5;23.7;p23;35.5;23.7;p24;35.5;23.7;p25;35.5;23.7;p26;35.5;23.7
$GSTR;2;081817;dia;mes;año;4.58;p21;35.6;23.6;p22;35.6;23.6;p23;35.6;23.6;p24;35.6;23.6;p25;35.6;23.6;p26;35.6;23.6
$GSTR;2;082017;dia;mes;año;4.71;p21;35.1;24.1;p22;35.1;24.1;p23;35.1;24.1;p24;35.1;24.1;p25;35.1;24.1;p26;35.1;24.1
$GSTR;2;082217;dia;mes;año;4.85;p21;35.3;24;p22;35.3;24;p23;35.3;24;p24;35.3;24;p25;35.3;24;p26;35.3;24
$GSTR;2;082417;dia;mes;año;4.69;p21;35.5;24.5;p22;35.5;24.5;p23;35.5;24.5;p24;35.5;24.5;p25;35.5;24.5;p26;35.5;24.5
$GSTR;2;082617;dia;mes;año;4.82;p21;31.9;24.5;p22;31.9;24.5;p23;31.9;24.5;p24;31.9;24.5;p25;31.9;24.5;p26;31.9;24.5
$GSTR;2;082817;dia;mes;año;4.97;p21;34.8;24.5;p22;34.8;24.5;p23;34.8;24.5;p24;34.8;24.5;p25;34.8;24.5;p26;34.8;24.5
$GSTR;2;083018;dia;mes;año;5.1;p21;35.3;24.6;p22;35.3;24.6;p23;35.3;24.6;p24;35.3;24.6;p25;35.3;24.6;p26;35.3;24.6
$GSTR;2;083218;dia;mes;año;5.04;p21;31.5;25;p22;31.5;25;p23;31.5;25;p24;31.5;25;p25;31.5;25;p26;31.5;25
$GSTR;2;083417;dia;mes;año;5.04;p21;35.4;25;p22;35.4;25;p23;35.4;25;p24;35.4;25;p25;35.4;25;p26;35.4;25
$GSTR;2;083618;dia;mes;año;5.12;p21;34.7;25.1;p22;34.7;25.1;p23;34.7;25.1;p24;34.7;25.1;p25;34.7;25.1;p26;34.7;25.1
$GSTR;2;083817;dia;mes;año;5.3;p21;35.3;25.1;p22;35.3;25.1;p23;35.3;25.1;p24;35.3;25.1;p25;35.3;25.1;p26;35.3;25.1
$GSTR;2;084017;dia;mes;año;5.34;p21;31;25;p22;31;25;p23;31;25;p24;31;25;p25;31;25;p26;31;25
$GSTR;2;084217;dia;mes;año;5.48;p21;34.8;25.1;p22;34.8;25.1;p23;34.8;25.1;p24;34.8;25.1;p25;34.8;25.1;p26;34.8;25.1
$GSTR;2;084418;dia;mes;año;5.46;p21;34.8;25.2;p22;34.8;25.2;p23;34.8;25.2;p24;34.8;25.2;p25;34.8;25.2;p26;34.8;25.2
$GSTR;2;084618;dia;mes;año;5.52;p21;34.8;25.2;p22;34.8;25.2;p23;34.8;25.2;p24;34.8;25.2;p25;34.8;25.2;p26;34.8;25.2
$GSTR;2;084818;dia;mes;año;5.62;p21;34.8;25.2;p22;34.8;25.2;p23;34.8;25.2;p24;34.8;25.2;p25;34.8;25.2;p26;34.8;25.2
$GSTR;2;085018;dia;mes;año;5.62;p21;34.8;25.2;p22;34.8;25.2;p23;34.8;25.2;p24;34.8;25.2;p25;34.8;25.2;p26;34.8;25.2
$GSTR;2;085217;dia;mes;año;5.67;p21;34.8;25.2;p22;34.8;25.2;p23;34.8;25.2;p24;34.8;25.2;p25;34.8;25.2;p26;34.8;25.2
$GSTR;2;085418;dia;mes;año;5.82;p21;30.8;25.9;p22;30.8;25.9;p23;30.8;25.9;p24;30.8;25.9;p25;30.8;25.9;p26;30.8;25.9
$GSTR;2;085618;dia;mes;año;5.78;p21;35.3;25.6;p22;35.3;25.6;p23;35.3;25.6;p24;35.3;25.6;p25;35.3;25.6;p26;35.3;25.6
$GSTR;2;085817;dia;mes;año;5.82;p21;35.3;25.6;p22;35.3;25.6;p23;35.3;25.6;p24;35.3;25.6;p25;35.3;25.6;p26;35.3;25.6
$GSTR;2;090018;dia;mes;año;5.96;p21;35.3;25.6;p22;35.3;25.6;p23;35.3;25.6;p24;35.3;25.6;p25;35.3;25.6;p26;35.3;25.6
$GSTR;2;090218;dia;mes;año;5.84;p21;34.6;25.9;p22;34.6;25.9;p23;34.6;25.9;p24;34.6;25.9;p25;34.6;25.9;p26;34.6;25.9
$GSTR;2;090418;dia;mes;año;5.9;p21;34.6;26.3;p22;34.6;26.3;p23;34.6;26.3;p24;34.6;26.3;p25;34.6;26.3;p26;34.6;26.3
$GSTR;2;090618;dia;mes;año;6.03;p21;32;26.4;p22;32;26.4;p23;32;26.4;p24;32;26.4;p25;32;26.4;p26;32;26.4
$GSTR;2;090818;dia;mes;año;6.06;p21;34.5;26.2;p22;34.5;26.2;p23;34.5;26.2;p24;34.5;26.2;p25;34.5;26.2;p26;34.5;26.2
$GSTR;2;091018;dia;mes;año;6.06;p21;34.5;26.7;p22;34.5;26.7;p23;34.5;26.7;p24;34.5;26.7;p25;34.5;26.7;p26;34.5;26.7
$GSTR;2;091218;dia;mes;año;5.97;p21;35.2;26.4;p22;35.2;26.4;p23;35.2;26.4;p24;35.2;26.4;p25;35.2;26.4;p26;35.2;26.4
$GSTR;2;091418;dia;mes;año;6.14;p21;34.5;26.9;p22;34.5;26.9;p23;34.5;26.9;p24;34.5;26.9;p25;34.5;26.9;p26;34.5;26.9
$GSTR;2;091617;dia;mes;año;6.09;p21;34.5;27.3;p22;34.5;27.3;p23;34.5;27.3;p24;34.5;27.3;p25;34.5;27.3;p26;34.5;27.3
$GSTR;2;091818;dia;mes;año;6.17;p21;31.9;27.5;p22;31.9;27.5;p23;31.9;27.5;p24;31.9;27.5;p25;31.9;27.5;p26;31.9;27.5
$GSTR;2;092018;dia;mes;año;6.2;p21;34.4;27.3;p22;34.4;27.3;p23;34.4;27.3;p24;34.4;27.3;p25;34.4;27.3;p26;34.4;27.3
$GSTR;2;092218;dia;mes;año;5.94;p21;34.4;27.6;p22;34.4;27.6;p23;34.4;27.6;p24;34.4;27.6;p25;34.4;27.6;p26;34.4;27.6
$GSTR;2;092418;dia;mes;año;5.9;p21;34.4;27.6;p22;34.4;27.6;p23;34.4;27.6;p24;34.4;27.6;p25;34.4;27.6;p26;34.4;27.6
$GSTR;2;092618;dia;mes;año;6.4;p21;34.4;27.6;p22;34.4;27.6;p23;34.4;27.6;p24;34.4;27.6;p25;34.4;27.6;p26;34.4;27.6
$GSTR;2;092818;dia;mes;año;6.38;p21;30.4;28.4;p22;30.4;28.4;p23;30.4;28.4;p24;30.4;28.4;p25;30.4;28.4;p26;30.4;28.4
$GSTR;2;093018;dia;mes;año;6.66;p21;34.2;27.9;p22;34.2;27.9;p23;34.2;27.9;p24;34.2;27.9;p25;34.2;27.9;p26;34.2;27.9
$GSTR;2;093218;dia;mes;año;6.56;p21;34.3;27.4;p22;34.3;27.4;p23;34.3;27.4;p24;34.3;27.4;p25;34.3;27.4;p26;34.3;27.4
$GSTR;2;093418;dia;mes;año;6.58;p21;34.3;27.4;p22;34.3;27.4;p23;34.3;27.4;p24;34.3;27.4;p25;34.3;27.4;p26;34.3;27.4
$GSTR;2;093618;dia;mes;año;6.52;p21;34.3;27.4;p22;34.3;27.4;p23;34.3;27.4;p24;34.3;27.4;p25;34.3;27.4;p26;34.3;27.4
$GSTR;2;093818;dia;mes;año;6.48;p21;34.3;27.4;p22;34.3;27.4;p23;34.3;27.4;p24;34.3;27.4;p25;34.3;27.4;p26;34.3;27.4
$GSTR;2;094018;dia;mes;año;6.62;p21;31.4;26.4;p22;31.4;26.4;p23;31.4;26.4;p24;31.4;26.4;p25;31.4;26.4;p26;31.4;26.4
$GSTR;2;094218;dia;mes;año;6.57;p21;34.9;26.1;p22;34.9;26.1;p23;34.9;26.1;p24;34.9;26.1;p25;34.9;26.1;p26;34.9;26.1
$GSTR;2;094418;dia;mes;año;6.76;p21;35;26.8;p22;35;26.8;p23;35;26.8;p24;35;26.8;p25;35;26.8;p26;35;26.8
$GSTR;2;094618;dia;mes;año;6.71;p21;33.6;27.6;p22;33.6;27.6;p23;33.6;27.6;p24;33.6;27.6;p25;33.6;27.6;p26;33.6;27.6
$GSTR;2;094818;dia;mes;año;6.84;p21;34.2;28.4;p22;34.2;28.4;p23;34.2;28.4;p24;34.2;28.4;p25;34.2;28.4;p26;34.2;28.4
$GSTR;2;095018;dia;mes;año;6.88;p21;33.6;28.5;p22;33.6;28.5;p23;33.6;28.5;p24;33.6;28.5;p25;33.6;28.5;p26;33.6;28.5
$GSTR;2;095218;dia;mes;año;6.82;p21;34;28.9;p22;34;28.9;p23;34;28.9;p24;34;28.9;p25;34;28.9;p26;34;28.9
$GSTR;2;095418;dia;mes;año;6.91;p21;33.5;28.9;p22;33.5;28.9;p23;33.5;28.9;p24;33.5;28.9;p25;33.5;28.9;p26;33.5;28.9
$GSTR;2;095618;dia;mes;año;7.03;p21;33.4;29.5;p22;33.4;29.5;p23;33.4;29.5;p24;33.4;29.5;p25;33.4;29.5;p26;33.4;29.5
$GSTR;2;095818;dia;mes;año;6.92;p21;30.4;29.8;p22;30.4;29.8;p23;30.4;29.8;p24;30.4;29.8;p25;30.4;29.8;p26;30.4;29.8
$GSTR;2;100018;dia;mes;año;7.11;p21;34.1;30;p22;34.1;30;p23;34.1;30;p24;34.1;30;p25;34.1;30;p26;34.1;30
$GSTR;2;100218;dia;mes;año;7.07;p21;34;30.1;p22;34;30.1;p23;34;30.1;p24;34;30.1;p25;34;30.1;p26;34;30.1
$GSTR;2;100418;dia;mes;año;6.88;p21;29.6;29.7;p22;29.6;29.7;p23;29.6;29.7;p24;29.6;29.7;p25;29.6;29.7;p26;29.6;29.7
$GSTR;2;100618;dia;mes;año;7.08;p21;33.4;29.8;p22;33.4;29.8;p23;33.4;29.8;p24;33.4;29.8;p25;33.4;29.8;p26;33.4;29.8
$GSTR;2;100818;dia;mes;año;7.57;p21;34.1;29.8;p22;34.1;29.8;p23;34.1;29.8;p24;34.1;29.8;p25;34.1;29.8;p26;34.1;29.8
$GSTR;2;101018;dia;mes;año;6.58;p21;40.9;30.2;p22;40.9;30.2;p23;40.9;30.2;p24;40.9;30.2;p25;40.9;30.2;p26;40.9;30.2
$GSTR;2;101218;dia;mes;año;5.61;p21;33.6;30.2;p22;33.6;30.2;p23;33.6;30.2;p24;33.6;30.2;p25;33.6;30.2;p26;33.6;30.2
$GSTR;2;101418;dia;mes;año;4.91;p21;41.4;29.9;p22;41.4;29.9;p23;41.4;29.9;p24;41.4;29.9;p25;41.4;29.9;p26;41.4;29.9
$GSTR;2;101618;dia;mes;año;5.72;p21;33;29.7;p22;33;29.7;p23;33;29.7;p24;33;29.7;p25;33;29.7;p26;33;29.7
$GSTR;2;101818;dia;mes;año;0;p21;42.4;29.7;p22;42.4;29.7;p23;42.4;29.7;p24;42.4;29.7;p25;42.4;29.7;p26;42.4;29.7
$GSTR;2;102018;dia;mes;año;0;p21;41.8;30.7;p22;41.8;30.7;p23;41.8;30.7;p24;41.8;30.7;p25;41.8;30.7;p26;41.8;30.7
$GSTR;2;102218;dia;mes;año;7.19;p21;41.7;31.5;p22;41.7;31.5;p23;41.7;31.5;p24;41.7;31.5;p25;41.7;31.5;p26;41.7;31.5
$GSTR;2;102418;dia;mes;año;0;p21;41.5;31.3;p22;41.5;31.3;p23;41.5;31.3;p24;41.5;31.3;p25;41.5;31.3;p26;41.5;31.3
$GSTR;2;102618;dia;mes;año;0;p21;34;31.5;p22;34;31.5;p23;34;31.5;p24;34;31.5;p25;34;31.5;p26;34;31.5
$GSTR;2;102818;dia;mes;año;5.07;p21;32.9;31.3;p22;32.9;31.3;p23;32.9;31.3;p24;32.9;31.3;p25;32.9;31.3;p26;32.9;31.3
$GSTR;2;103018;dia;mes;año;0;p21;41.1;31.8;p22;41.1;31.8;p23;41.1;31.8;p24;41.1;31.8;p25;41.1;31.8;p26;41.1;31.8
$GSTR;2;103218;dia;mes;año;0;p21;33.6;31.6;p22;33.6;31.6;p23;33.6;31.6;p24;33.6;31.6;p25;33.6;31.6;p26;33.6;31.6
$GSTR;2;103418;dia;mes;año;0;p21;33.6;31.8;p22;33.6;31.8;p23;33.6;31.8;p24;33.6;31.8;p25;33.6;31.8;p26;33.6;31.8
$GSTR;2;103618;dia;mes;año;7.3;p21;41.2;32.3;p22;41.2;32.3;p23;41.2;32.3;p24;41.2;32.3;p25;41.2;32.3;p26;41.2;32.3
$GSTR;2;103818;dia;mes;año;6.48;p21;41.2;31.9;p22;41.2;31.9;p23;41.2;31.9;p24;41.2;31.9;p25;41.2;31.9;p26;41.2;31.9
$GSTR;2;104018;dia;mes;año;0;p21;40.9;32.3;p22;40.9;32.3;p23;40.9;32.3;p24;40.9;32.3;p25;40.9;32.3;p26;40.9;32.3
$GSTR;2;104218;dia;mes;año;0;p21;40.9;32.7;p22;40.9;32.7;p23;40.9;32.7;p24;40.9;32.7;p25;40.9;32.7;p26;40.9;32.7
$GSTR;2;104418;dia;mes;año;6.62;p21;40.7;33.3;p22;40.7;33.3;p23;40.7;33.3;p24;40.7;33.3;p25;40.7;33.3;p26;40.7;33.3
$GSTR;2;104618;dia;mes;año;6.52;p21;40.8;33;p22;40.8;33;p23;40.8;33;p24;40.8;33;p25;40.8;33;p26;40.8;33
$GSTR;2;104818;dia;mes;año;0;p21;41.2;32.2;p22;41.2;32.2;p23;41.2;32.2;p24;41.2;32.2;p25;41.2;32.2;p26;41.2;32.2
$GSTR;2;105018;dia;mes;año;0;p21;41.5;31;p22;41.5;31;p23;41.5;31;p24;41.5;31;p25;41.5;31;p26;41.5;31
$GSTR;2;105218;dia;mes;año;0;p21;41.5;30.6;p22;41.5;30.6;p23;41.5;30.6;p24;41.5;30.6;p25;41.5;30.6;p26;41.5;30.6
$GSTR;2;105618;dia;mes;año;0;p21;41.6;30.8;p22;41.6;30.8;p23;41.6;30.8;p24;41.6;30.8;p25;41.6;30.8;p26;41.6;30.8
$GSTR;2;105818;dia;mes;año;0;p21;41.9;30.3;p22;41.9;30.3;p23;41.9;30.3;p24;41.9;30.3;p25;41.9;30.3;p26;41.9;30.3
$GSTR;2;110018;dia;mes;año;0;p21;41.4;31.9;p22;41.4;31.9;p23;41.4;31.9;p24;41.4;31.9;p25;41.4;31.9;p26;41.4;31.9
$GSTR;2;110218;dia;mes;año;0;p21;41.3;32;p22;41.3;32;p23;41.3;32;p24;41.3;32;p25;41.3;32;p26;41.3;32
$GSTR;2;110618;dia;mes;año;0;p21;40.9;33.3;p22;40.9;33.3;p23;40.9;33.3;p24;40.9;33.3;p25;40.9;33.3;p26;40.9;33.3
$GSTR;2;110818;dia;mes;año;0;p21;40.6;33.8;p22;40.6;33.8;p23;40.6;33.8;p24;40.6;33.8;p25;40.6;33.8;p26;40.6;33.8
$GSTR;2;111018;dia;mes;año;0;p21;40.7;32.9;p22;40.7;32.9;p23;40.7;32.9;p24;40.7;32.9;p25;40.7;32.9;p26;40.7;32.9
$GSTR;2;111218;dia;mes;año;0;p21;40.8;33.5;p22;40.8;33.5;p23;40.8;33.5;p24;40.8;33.5;p25;40.8;33.5;p26;40.8;33.5
$GSTR;2;111618;dia;mes;año;0;p21;40.9;33.3;p22;40.9;33.3;p23;40.9;33.3;p24;40.9;33.3;p25;40.9;33.3;p26;40.9;33.3
$GSTR;2;111818;dia;mes;año;0;p21;40.8;34;p22;40.8;34;p23;40.8;34;p24;40.8;34;p25;40.8;34;p26;40.8;34
$GSTR;2;112018;dia;mes;año;0;p21;40.7;34;p22;40.7;34;p23;40.7;34;p24;40.7;34;p25;40.7;34;p26;40.7;34
$GSTR;2;112218;dia;mes;año;0;p21;40.5;34.5;p22;40.5;34.5;p23;40.5;34.5;p24;40.5;34.5;p25;40.5;34.5;p26;40.5;34.5
$GSTR;2;112618;dia;mes;año;0;p21;40.4;34.7;p22;40.4;34.7;p23;40.4;34.7;p24;40.4;34.7;p25;40.4;34.7;p26;40.4;34.7
$GSTR;2;112818;dia;mes;año;0;p21;40.4;34;p22;40.4;34;p23;40.4;34;p24;40.4;34;p25;40.4;34;p26;40.4;34
$GSTR;2;113018;dia;mes;año;0;p21;40.4;34.6;p22;40.4;34.6;p23;40.4;34.6;p24;40.4;34.6;p25;40.4;34.6;p26;40.4;34.6
$GSTR;2;113218;dia;mes;año;0;p21;40.5;34.6;p22;40.5;34.6;p23;40.5;34.6;p24;40.5;34.6;p25;40.5;34.6;p26;40.5;34.6
$GSTR;2;113418;dia;mes;año;0;p21;40.4;34.4;p22;40.4;34.4;p23;40.4;34.4;p24;40.4;34.4;p25;40.4;34.4;p26;40.4;34.4
$GSTR;2;113618;dia;mes;año;0;p21;40.3;34.8;p22;40.3;34.8;p23;40.3;34.8;p24;40.3;34.8;p25;40.3;34.8;p26;40.3;34.8
$GSTR;2;113818;dia;mes;año;0;p21;31.3;35.2;p22;31.3;35.2;p23;31.3;35.2;p24;31.3;35.2;p25;31.3;35.2;p26;31.3;35.2
$GSTR;2;114018;dia;mes;año;0;p21;31.9;34.2;p22;31.9;34.2;p23;31.9;34.2;p24;31.9;34.2;p25;31.9;34.2;p26;31.9;34.2
$GSTR;2;114218;dia;mes;año;0;p21;31.9;34.5;p22;31.9;34.5;p23;31.9;34.5;p24;31.9;34.5;p25;31.9;34.5;p26;31.9;34.5
$GSTR;2;114418;dia;mes;año;0;p21;32.2;34.2;p22;32.2;34.2;p23;32.2;34.2;p24;32.2;34.2;p25;32.2;34.2;p26;32.2;34.2
$GSTR;2;114618;dia;mes;año;0;p21;41.6;33.6;p22;41.6;33.6;p23;41.6;33.6;p24;41.6;33.6;p25;41.6;33.6;p26;41.6;33.6
$GSTR;2;114818;dia;mes;año;0.07;p21;41.2;33.9;p22;41.2;33.9;p23;41.2;33.9;p24;41.2;33.9;p25;41.2;33.9;p26;41.2;33.9
$GSTR;2;115018;dia;mes;año;8.03;p21;41.2;32.6;p22;41.2;32.6;p23;41.2;32.6;p24;41.2;32.6;p25;41.2;32.6;p26;41.2;32.6
$GSTR;2;115218;dia;mes;año;7.85;p21;32.8;32.2;p22;32.8;32.2;p23;32.8;32.2;p24;32.8;32.2;p25;32.8;32.2;p26;32.8;32.2
$GSTR;2;115418;dia;mes;año;8.14;p21;33.6;31.9;p22;33.6;31.9;p23;33.6;31.9;p24;33.6;31.9;p25;33.6;31.9;p26;33.6;31.9
$GSTR;2;115618;dia;mes;año;5.79;p21;32.9;32.7;p22;32.9;32.7;p23;32.9;32.7;p24;32.9;32.7;p25;32.9;32.7;p26;32.9;32.7
$GSTR;2;115818;dia;mes;año;0;p21;32.7;33.6;p22;32.7;33.6;p23;32.7;33.6;p24;32.7;33.6;p25;32.7;33.6;p26;32.7;33.6
$GSTR;2;120018;dia;mes;año;0;p21;33.3;33.8;p22;33.3;33.8;p23;33.3;33.8;p24;33.3;33.8;p25;33.3;33.8;p26;33.3;33.8
$GSTR;2;120218;dia;mes;año;0;p21;32.7;33.6;p22;32.7;33.6;p23;32.7;33.6;p24;32.7;33.6;p25;32.7;33.6;p26;32.7;33.6
$GSTR;2;120418;dia;mes;año;7.67;p21;32.2;33.3;p22;32.2;33.3;p23;32.2;33.3;p24;32.2;33.3;p25;32.2;33.3;p26;32.2;33.3
$GSTR;2;120618;dia;mes;año;7.7;p21;31.6;33.3;p22;31.6;33.3;p23;31.6;33.3;p24;31.6;33.3;p25;31.6;33.3;p26;31.6;33.3
$GSTR;2;120818;dia;mes;año;7.64;p21;32.2;34.4;p22;32.2;34.4;p23;32.2;34.4;p24;32.2;34.4;p25;32.2;34.4;p26;32.2;34.4
$GSTR;2;121018;dia;mes;año;7.95;p21;32.1;34.6;p22;32.1;34.6;p23;32.1;34.6;p24;32.1;34.6;p25;32.1;34.6;p26;32.1;34.6
$GSTR;2;121218;dia;mes;año;7.85;p21;31.4;34.8;p22;31.4;34.8;p23;31.4;34.8;p24;31.4;34.8;p25;31.4;34.8;p26;31.4;34.8
$GSTR;2;121418;dia;mes;año;7.62;p21;31.9;34.7;p22;31.9;34.7;p23;31.9;34.7;p24;31.9;34.7;p25;31.9;34.7;p26;31.9;34.7
$GSTR;2;121618;dia;mes;año;7.83;p21;32;34.6;p22;32;34.6;p23;32;34.6;p24;32;34.6;p25;32;34.6;p26;32;34.6
$GSTR;2;121818;dia;mes;año;7.82;p21;40.5;34.5;p22;40.5;34.5;p23;40.5;34.5;p24;40.5;34.5;p25;40.5;34.5;p26;40.5;34.5
$GSTR;2;122018;dia;mes;año;7.99;p21;40.6;34.3;p22;40.6;34.3;p23;40.6;34.3;p24;40.6;34.3;p25;40.6;34.3;p26;40.6;34.3
$GSTR;2;122218;dia;mes;año;7.76;p21;31.4;34.3;p22;31.4;34.3;p23;31.4;34.3;p24;31.4;34.3;p25;31.4;34.3;p26;31.4;34.3
$GSTR;2;122418;dia;mes;año;7.62;p21;32.8;33.7;p22;32.8;33.7;p23;32.8;33.7;p24;32.8;33.7;p25;32.8;33.7;p26;32.8;33.7
$GSTR;2;122618;dia;mes;año;7.8;p21;32.1;33.6;p22;32.1;33.6;p23;32.1;33.6;p24;32.1;33.6;p25;32.1;33.6;p26;32.1;33.6
$GSTR;2;122818;dia;mes;año;7.44;p21;32.9;33.9;p22;32.9;33.9;p23;32.9;33.9;p24;32.9;33.9;p25;32.9;33.9;p26;32.9;33.9
$GSTR;2;123018;dia;mes;año;7.51;p21;41.3;33.3;p22;41.3;33.3;p23;41.3;33.3;p24;41.3;33.3;p25;41.3;33.3;p26;41.3;33.3
$GSTR;2;123218;dia;mes;año;0;p21;41.3;32.7;p22;41.3;32.7;p23;41.3;32.7;p24;41.3;32.7;p25;41.3;32.7;p26;41.3;32.7
$GSTR;2;123618;dia;mes;año;7.75;p21;31.9;34.2;p22;31.9;34.2;p23;31.9;34.2;p24;31.9;34.2;p25;31.9;34.2;p26;31.9;34.2
$GSTR;2;123818;dia;mes;año;7.59;p21;32.6;35;p22;32.6;35;p23;32.6;35;p24;32.6;35;p25;32.6;35;p26;32.6;35
$GSTR;2;124018;dia;mes;año;7.54;p21;40.7;35;p22;40.7;35;p23;40.7;35;p24;40.7;35;p25;40.7;35;p26;40.7;35
$GSTR;2;124218;dia;mes;año;7.46;p21;40.5;35.3;p22;40.5;35.3;p23;40.5;35.3;p24;40.5;35.3;p25;40.5;35.3;p26;40.5;35.3
$GSTR;2;124418;dia;mes;año;0;p21;40.4;35.8;p22;40.4;35.8;p23;40.4;35.8;p24;40.4;35.8;p25;40.4;35.8;p26;40.4;35.8
$GSTR;2;124618;dia;mes;año;0.07;p21;31.1;35.4;p22;31.1;35.4;p23;31.1;35.4;p24;31.1;35.4;p25;31.1;35.4;p26;31.1;35.4
$GSTR;2;124818;dia;mes;año;7.57;p21;31.7;35.5;p22;31.7;35.5;p23;31.7;35.5;p24;31.7;35.5;p25;31.7;35.5;p26;31.7;35.5
$GSTR;2;125018;dia;mes;año;0;p21;31.6;36.1;p22;31.6;36.1;p23;31.6;36.1;p24;31.6;36.1;p25;31.6;36.1;p26;31.6;36.1
$GSTR;2;125218;dia;mes;año;0;p21;30.9;35.6;p22;30.9;35.6;p23;30.9;35.6;p24;30.9;35.6;p25;30.9;35.6;p26;30.9;35.6
$GSTR;2;125418;dia;mes;año;7.48;p21;32.4;35;p22;32.4;35;p23;32.4;35;p24;32.4;35;p25;32.4;35;p26;32.4;35
$GSTR;2;125618;dia;mes;año;0;p21;31.5;35;p22;31.5;35;p23;31.5;35;p24;31.5;35;p25;31.5;35;p26;31.5;35
$GSTR;2;125818;dia;mes;año;7.42;p21;30;34;p22;30;34;p23;30;34;p24;30;34;p25;30;34;p26;30;34
$GSTR;2;130018;dia;mes;año;7.73;p21;33;33.9;p22;33;33.9;p23;33;33.9;p24;33;33.9;p25;33;33.9;p26;33;33.9
$GSTR;2;130218;dia;mes;año;7.33;p21;32.3;34.4;p22;32.3;34.4;p23;32.3;34.4;p24;32.3;34.4;p25;32.3;34.4;p26;32.3;34.4
$GSTR;2;130418;dia;mes;año;7.62;p21;30;34.2;p22;30;34.2;p23;30;34.2;p24;30;34.2;p25;30;34.2;p26;30;34.2
$GSTR;2;130618;dia;mes;año;7.04;p21;33;33.8;p22;33;33.8;p23;33;33.8;p24;33;33.8;p25;33;33.8;p26;33;33.8
$GSTR;2;130818;dia;mes;año;7.27;p21;33;32.6;p22;33;32.6;p23;33;32.6;p24;33;32.6;p25;33;32.6;p26;33;32.6
$GSTR;2;131018;dia;mes;año;6.93;p21;29.3;32.8;p22;29.3;32.8;p23;29.3;32.8;p24;29.3;32.8;p25;29.3;32.8;p26;29.3;32.8
$GSTR;2;131218;dia;mes;año;7.24;p21;32.8;33.5;p22;32.8;33.5;p23;32.8;33.5;p24;32.8;33.5;p25;32.8;33.5;p26;32.8;33.5
$GSTR;2;131418;dia;mes;año;7.19;p21;32.9;33.8;p22;32.9;33.8;p23;32.9;33.8;p24;32.9;33.8;p25;32.9;33.8;p26;32.9;33.8
$GSTR;2;131618;dia;mes;año;7.18;p21;29.1;34.4;p22;29.1;34.4;p23;29.1;34.4;p24;29.1;34.4;p25;29.1;34.4;p26;29.1;34.4
$GSTR;2;131818;dia;mes;año;7.01;p21;32.1;34.4;p22;32.1;34.4;p23;32.1;34.4;p24;32.1;34.4;p25;32.1;34.4;p26;32.1;34.4
$GSTR;2;132018;dia;mes;año;6.67;p21;32.2;35;p22;32.2;35;p23;32.2;35;p24;32.2;35;p25;32.2;35;p26;32.2;35
$GSTR;2;132218;dia;mes;año;6.86;p21;29.9;35.5;p22;29.9;35.5;p23;29.9;35.5;p24;29.9;35.5;p25;29.9;35.5;p26;29.9;35.5
$GSTR;2;132418;dia;mes;año;7.26;p21;32.1;35.6;p22;32.1;35.6;p23;32.1;35.6;p24;32.1;35.6;p25;32.1;35.6;p26;32.1;35.6
$GSTR;2;132618;dia;mes;año;7.01;p21;32.1;35.7;p22;32.1;35.7;p23;32.1;35.7;p24;32.1;35.7;p25;32.1;35.7;p26;32.1;35.7
$GSTR;2;132818;dia;mes;año;6.89;p21;29.7;35.8;p22;29.7;35.8;p23;29.7;35.8;p24;29.7;35.8;p25;29.7;35.8;p26;29.7;35.8
$GSTR;2;133018;dia;mes;año;6.93;p21;32.4;35.5;p22;32.4;35.5;p23;32.4;35.5;p24;32.4;35.5;p25;32.4;35.5;p26;32.4;35.5
$GSTR;2;133218;dia;mes;año;7.02;p21;32.4;35.1;p22;32.4;35.1;p23;32.4;35.1;p24;32.4;35.1;p25;32.4;35.1;p26;32.4;35.1
$GSTR;2;133418;dia;mes;año;6.91;p21;28.8;35.2;p22;28.8;35.2;p23;28.8;35.2;p24;28.8;35.2;p25;28.8;35.2;p26;28.8;35.2
$GSTR;2;133618;dia;mes;año;6.82;p21;32.3;35.3;p22;32.3;35.3;p23;32.3;35.3;p24;32.3;35.3;p25;32.3;35.3;p26;32.3;35.3
$GSTR;2;133818;dia;mes;año;6.85;p21;32.3;34.9;p22;32.3;34.9;p23;32.3;34.9;p24;32.3;34.9;p25;32.3;34.9;p26;32.3;34.9
$GSTR;2;134018;dia;mes;año;6.68;p21;29.3;34.3;p22;29.3;34.3;p23;29.3;34.3;p24;29.3;34.3;p25;29.3;34.3;p26;29.3;34.3
$GSTR;2;134218;dia;mes;año;6.83;p21;33.5;34.2;p22;33.5;34.2;p23;33.5;34.2;p24;33.5;34.2;p25;33.5;34.2;p26;33.5;34.2
$GSTR;2;134418;dia;mes;año;6.77;p21;32.4;33.7;p22;32.4;33.7;p23;32.4;33.7;p24;32.4;33.7;p25;32.4;33.7;p26;32.4;33.7
$GSTR;2;134618;dia;mes;año;6.78;p21;31;33.2;p22;31;33.2;p23;31;33.2;p24;31;33.2;p25;31;33.2;p26;31;33.2
$GSTR;2;134818;dia;mes;año;6.77;p21;33.4;33.2;p22;33.4;33.2;p23;33.4;33.2;p24;33.4;33.2;p25;33.4;33.2;p26;33.4;33.2
$GSTR;2;135018;dia;mes;año;6.73;p21;33.5;33.6;p22;33.5;33.6;p23;33.5;33.6;p24;33.5;33.6;p25;33.5;33.6;p26;33.5;33.6
$GSTR;2;135218;dia;mes;año;6.76;p21;29.1;33.7;p22;29.1;33.7;p23;29.1;33.7;p24;29.1;33.7;p25;29.1;33.7;p26;29.1;33.7
$GSTR;2;135418;dia;mes;año;6.45;p21;32.7;33.8;p22;32.7;33.8;p23;32.7;33.8;p24;32.7;33.8;p25;32.7;33.8;p26;32.7;33.8
$GSTR;2;135618;dia;mes;año;4.33;p21;33.4;34.1;p22;33.4;34.1;p23;33.4;34.1;p24;33.4;34.1;p25;33.4;34.1;p26;33.4;34.1
$GSTR;2;135818;dia;mes;año;3.72;p21;29.6;34.6;p22;29.6;34.6;p23;29.6;34.6;p24;29.6;34.6;p25;29.6;34.6;p26;29.6;34.6
$GSTR;2;140018;dia;mes;año;4.58;p21;32.6;34.7;p22;32.6;34.7;p23;32.6;34.7;p24;32.6;34.7;p25;32.6;34.7;p26;32.6;34.7
$GSTR;2;140218;dia;mes;año;5.37;p21;33.3;34.6;p22;33.3;34.6;p23;33.3;34.6;p24;33.3;34.6;p25;33.3;34.6;p26;33.3;34.6
$GSTR;2;140418;dia;mes;año;5.44;p21;29.4;34.5;p22;29.4;34.5;p23;29.4;34.5;p24;29.4;34.5;p25;29.4;34.5;p26;29.4;34.5
$GSTR;2;140618;dia;mes;año;5.71;p21;32.5;34.8;p22;32.5;34.8;p23;32.5;34.8;p24;32.5;34.8;p25;32.5;34.8;p26;32.5;34.8
$GSTR;2;140818;dia;mes;año;4.64;p21;33;34.6;p22;33;34.6;p23;33;34.6;p24;33;34.6;p25;33;34.6;p26;33;34.6
$GSTR;2;141018;dia;mes;año;6.11;p21;30.5;34.3;p22;30.5;34.3;p23;30.5;34.3;p24;30.5;34.3;p25;30.5;34.3;p26;30.5;34.3
$GSTR;2;141218;dia;mes;año;6.5;p21;31.6;33.7;p22;31.6;33.7;p23;31.6;33.7;p24;31.6;33.7;p25;31.6;33.7;p26;31.6;33.7
$GSTR;2;141418;dia;mes;año;6.24;p21;34.2;32.6;p22;34.2;32.6;p23;34.2;32.6;p24;34.2;32.6;p25;34.2;32.6;p26;34.2;32.6
$GSTR;2;141618;dia;mes;año;6.15;p21;29.3;32.5;p22;29.3;32.5;p23;29.3;32.5;p24;29.3;32.5;p25;29.3;32.5;p26;29.3;32.5
$GSTR;2;141818;dia;mes;año;6.15;p21;34.1;31.7;p22;34.1;31.7;p23;34.1;31.7;p24;34.1;31.7;p25;34.1;31.7;p26;34.1;31.7
$GSTR;2;142018;dia;mes;año;6.03;p21;34.4;32.6;p22;34.4;32.6;p23;34.4;32.6;p24;34.4;32.6;p25;34.4;32.6;p26;34.4;32.6
$GSTR;2;142218;dia;mes;año;6.2;p21;30.7;33;p22;30.7;33;p23;30.7;33;p24;30.7;33;p25;30.7;33;p26;30.7;33
$GSTR;2;142418;dia;mes;año;4.6;p21;34;32.1;p22;34;32.1;p23;34;32.1;p24;34;32.1;p25;34;32.1;p26;34;32.1
$GSTR;2;142618;dia;mes;año;2.94;p21;33.1;33;p22;33.1;33;p23;33.1;33;p24;33.1;33;p25;33.1;33;p26;33.1;33
$GSTR;2;142818;dia;mes;año;3.17;p21;30.6;32.6;p22;30.6;32.6;p23;30.6;32.6;p24;30.6;32.6;p25;30.6;32.6;p26;30.6;32.6
$GSTR;2;143018;dia;mes;año;3.87;p21;33.1;32.2;p22;33.1;32.2;p23;33.1;32.2;p24;33.1;32.2;p25;33.1;32.2;p26;33.1;32.2
$GSTR;2;143218;dia;mes;año;2.96;p21;32.9;32.8;p22;32.9;32.8;p23;32.9;32.8;p24;32.9;32.8;p25;32.9;32.8;p26;32.9;32.8
$GSTR;2;143418;dia;mes;año;5.82;p21;30.6;32.4;p22;30.6;32.4;p23;30.6;32.4;p24;30.6;32.4;p25;30.6;32.4;p26;30.6;32.4
$GSTR;2;143618;dia;mes;año;5.83;p21;33.9;32;p22;33.9;32;p23;33.9;32;p24;33.9;32;p25;33.9;32;p26;33.9;32
$GSTR;2;143818;dia;mes;año;5.76;p21;34.3;32;p22;34.3;32;p23;34.3;32;p24;34.3;32;p25;34.3;32;p26;34.3;32
$GSTR;2;144018;dia;mes;año;5.63;p21;26.1;32;p22;26.1;32;p23;26.1;32;p24;26.1;32;p25;26.1;32;p26;26.1;32
$GSTR;2;144219;dia;mes;año;5.54;p21;30;32.4;p22;30;32.4;p23;30;32.4;p24;30;32.4;p25;30;32.4;p26;30;32.4
$GSTR;2;144418;dia;mes;año;5.09;p21;32.4;32.8;p22;32.4;32.8;p23;32.4;32.8;p24;32.4;32.8;p25;32.4;32.8;p26;32.4;32.8
$GSTR;2;144619;dia;mes;año;5.47;p21;34;32.9;p22;34;32.9;p23;34;32.9;p24;34;32.9;p25;34;32.9;p26;34;32.9
$GSTR;2;144818;dia;mes;año;5.13;p21;29.9;32.6;p22;29.9;32.6;p23;29.9;32.6;p24;29.9;32.6;p25;29.9;32.6;p26;29.9;32.6
$GSTR;2;145019;dia;mes;año;5.27;p21;33.2;32.3;p22;33.2;32.3;p23;33.2;32.3;p24;33.2;32.3;p25;33.2;32.3;p26;33.2;32.3
$GSTR;2;145218;dia;mes;año;5.15;p21;33;32.5;p22;33;32.5;p23;33;32.5;p24;33;32.5;p25;33;32.5;p26;33;32.5
$GSTR;2;145418;dia;mes;año;5.01;p21;30.5;32.2;p22;30.5;32.2;p23;30.5;32.2;p24;30.5;32.2;p25;30.5;32.2;p26;30.5;32.2
$GSTR;2;145618;dia;mes;año;5;p21;33.3;32.1;p22;33.3;32.1;p23;33.3;32.1;p24;33.3;32.1;p25;33.3;32.1;p26;33.3;32.1
$GSTR;2;145818;dia;mes;año;4.92;p21;32.7;32.4;p22;32.7;32.4;p23;32.7;32.4;p24;32.7;32.4;p25;32.7;32.4;p26;32.7;32.4
$GSTR;2;150019;dia;mes;año;5.09;p21;30.4;31.2;p22;30.4;31.2;p23;30.4;31.2;p24;30.4;31.2;p25;30.4;31.2;p26;30.4;31.2
$GSTR;2;150218;dia;mes;año;4.49;p21;33.3;31;p22;33.3;31;p23;33.3;31;p24;33.3;31;p25;33.3;31;p26;33.3;31
$GSTR;2;150419;dia;mes;año;4.91;p21;34.7;30.7;p22;34.7;30.7;p23;34.7;30.7;p24;34.7;30.7;p25;34.7;30.7;p26;34.7;30.7
$GSTR;2;150618;dia;mes;año;4.83;p21;31.1;31.3;p22;31.1;31.3;p23;31.1;31.3;p24;31.1;31.3;p25;31.1;31.3;p26;31.1;31.3
$GSTR;2;150818;dia;mes;año;4.63;p21;33.6;31.3;p22;33.6;31.3;p23;33.6;31.3;p24;33.6;31.3;p25;33.6;31.3;p26;33.6;31.3
$GSTR;2;151018;dia;mes;año;4.61;p21;33.7;30.6;p22;33.7;30.6;p23;33.7;30.6;p24;33.7;30.6;p25;33.7;30.6;p26;33.7;30.6
$GSTR;2;151219;dia;mes;año;4.45;p21;31.3;30.5;p22;31.3;30.5;p23;31.3;30.5;p24;31.3;30.5;p25;31.3;30.5;p26;31.3;30.5
$GSTR;2;151418;dia;mes;año;4.51;p21;34.8;30.3;p22;34.8;30.3;p23;34.8;30.3;p24;34.8;30.3;p25;34.8;30.3;p26;34.8;30.3
$GSTR;2;151618;dia;mes;año;4.55;p21;34.5;30;p22;34.5;30;p23;34.5;30;p24;34.5;30;p25;34.5;30;p26;34.5;30
$GSTR;2;151819;dia;mes;año;4.3;p21;31;29.9;p22;31;29.9;p23;31;29.9;p24;31;29.9;p25;31;29.9;p26;31;29.9
$GSTR;2;152019;dia;mes;año;2.1;p21;34.9;29.7;p22;34.9;29.7;p23;34.9;29.7;p24;34.9;29.7;p25;34.9;29.7;p26;34.9;29.7
$GSTR;2;152219;dia;mes;año;4.34;p21;34.2;29.8;p22;34.2;29.8;p23;34.2;29.8;p24;34.2;29.8;p25;34.2;29.8;p26;34.2;29.8
$GSTR;2;152418;dia;mes;año;4.25;p21;30.8;29.7;p22;30.8;29.7;p23;30.8;29.7;p24;30.8;29.7;p25;30.8;29.7;p26;30.8;29.7
$GSTR;2;152619;dia;mes;año;4.22;p21;33.7;29.2;p22;33.7;29.2;p23;33.7;29.2;p24;33.7;29.2;p25;33.7;29.2;p26;33.7;29.2
$GSTR;2;152818;dia;mes;año;4.19;p21;34.7;28.9;p22;34.7;28.9;p23;34.7;28.9;p24;34.7;28.9;p25;34.7;28.9;p26;34.7;28.9
$GSTR;2;153019;dia;mes;año;4.01;p21;31.4;29;p22;31.4;29;p23;31.4;29;p24;31.4;29;p25;31.4;29;p26;31.4;29
$GSTR;2;153218;dia;mes;año;3.98;p21;33.1;29.1;p22;33.1;29.1;p23;33.1;29.1;p24;33.1;29.1;p25;33.1;29.1;p26;33.1;29.1
$GSTR;2;153419;dia;mes;año;3.96;p21;34.4;28.9;p22;34.4;28.9;p23;34.4;28.9;p24;34.4;28.9;p25;34.4;28.9;p26;34.4;28.9
$GSTR;2;153618;dia;mes;año;3.83;p21;31.1;28.6;p22;31.1;28.6;p23;31.1;28.6;p24;31.1;28.6;p25;31.1;28.6;p26;31.1;28.6
$GSTR;2;153819;dia;mes;año;3.83;p21;31.9;28.4;p22;31.9;28.4;p23;31.9;28.4;p24;31.9;28.4;p25;31.9;28.4;p26;31.9;28.4
$GSTR;2;154019;dia;mes;año;3.73;p21;34.1;28.7;p22;34.1;28.7;p23;34.1;28.7;p24;34.1;28.7;p25;34.1;28.7;p26;34.1;28.7
$GSTR;2;154219;dia;mes;año;3.74;p21;34;28.5;p22;34;28.5;p23;34;28.5;p24;34;28.5;p25;34;28.5;p26;34;28.5
$GSTR;2;154419;dia;mes;año;3.64;p21;32;28.3;p22;32;28.3;p23;32;28.3;p24;32;28.3;p25;32;28.3;p26;32;28.3
$GSTR;2;154618;dia;mes;año;3.58;p21;34.1;28.6;p22;34.1;28.6;p23;34.1;28.6;p24;34.1;28.6;p25;34.1;28.6;p26;34.1;28.6
$GSTR;2;154819;dia;mes;año;3.58;p21;34.1;28.6;p22;34.1;28.6;p23;34.1;28.6;p24;34.1;28.6;p25;34.1;28.6;p26;34.1;28.6
$GSTR;2;155019;dia;mes;año;3.47;p21;32;28.6;p22;32;28.6;p23;32;28.6;p24;32;28.6;p25;32;28.6;p26;32;28.6
$GSTR;2;155219;dia;mes;año;3.43;p21;35.1;28.5;p22;35.1;28.5;p23;35.1;28.5;p24;35.1;28.5;p25;35.1;28.5;p26;35.1;28.5
$GSTR;2;155419;dia;mes;año;3.4;p21;35;29.1;p22;35;29.1;p23;35;29.1;p24;35;29.1;p25;35;29.1;p26;35;29.1
$GSTR;2;155619;dia;mes;año;3.29;p21;29.7;30.3;p22;29.7;30.3;p23;29.7;30.3;p24;29.7;30.3;p25;29.7;30.3;p26;29.7;30.3
$GSTR;2;155819;dia;mes;año;3.22;p21;35.4;31.6;p22;35.4;31.6;p23;35.4;31.6;p24;35.4;31.6;p25;35.4;31.6;p26;35.4;31.6
$GSTR;2;160019;dia;mes;año;3.1;p21;35.1;33.5;p22;35.1;33.5;p23;35.1;33.5;p24;35.1;33.5;p25;35.1;33.5;p26;35.1;33.5
$GSTR;2;160219;dia;mes;año;3.08;p21;32.3;33.9;p22;32.3;33.9;p23;32.3;33.9;p24;32.3;33.9;p25;32.3;33.9;p26;32.3;33.9
$GSTR;2;160419;dia;mes;año;3.05;p21;35.2;34;p22;35.2;34;p23;35.2;34;p24;35.2;34;p25;35.2;34;p26;35.2;34
$GSTR;2;160619;dia;mes;año;2.97;p21;34.8;33.6;p22;34.8;33.6;p23;34.8;33.6;p24;34.8;33.6;p25;34.8;33.6;p26;34.8;33.6
$GSTR;2;160819;dia;mes;año;2.88;p21;32;33.1;p22;32;33.1;p23;32;33.1;p24;32;33.1;p25;32;33.1;p26;32;33.1
$GSTR;2;161019;dia;mes;año;2.86;p21;35.1;32.9;p22;35.1;32.9;p23;35.1;32.9;p24;35.1;32.9;p25;35.1;32.9;p26;35.1;32.9
$GSTR;2;161219;dia;mes;año;2.69;p21;34.5;33.6;p22;34.5;33.6;p23;34.5;33.6;p24;34.5;33.6;p25;34.5;33.6;p26;34.5;33.6
$GSTR;2;161419;dia;mes;año;2.67;p21;31.6;33.7;p22;31.6;33.7;p23;31.6;33.7;p24;31.6;33.7;p25;31.6;33.7;p26;31.6;33.7
$GSTR;2;161619;dia;mes;año;2.62;p21;34.6;33.5;p22;34.6;33.5;p23;34.6;33.5;p24;34.6;33.5;p25;34.6;33.5;p26;34.6;33.5
$GSTR;2;161819;dia;mes;año;2.53;p21;35.2;32.9;p22;35.2;32.9;p23;35.2;32.9;p24;35.2;32.9;p25;35.2;32.9;p26;35.2;32.9
$GSTR;2;162019;dia;mes;año;2.46;p21;31.4;33.8;p22;31.4;33.8;p23;31.4;33.8;p24;31.4;33.8;p25;31.4;33.8;p26;31.4;33.8
$GSTR;2;162219;dia;mes;año;2.44;p21;34.5;33.9;p22;34.5;33.9;p23;34.5;33.9;p24;34.5;33.9;p25;34.5;33.9;p26;34.5;33.9
$GSTR;2;162419;dia;mes;año;2.38;p21;35.1;32.9;p22;35.1;32.9;p23;35.1;32.9;p24;35.1;32.9;p25;35.1;32.9;p26;35.1;32.9
$GSTR;2;162619;dia;mes;año;2.31;p21;30.8;32.5;p22;30.8;32.5;p23;30.8;32.5;p24;30.8;32.5;p25;30.8;32.5;p26;30.8;32.5
$GSTR;2;162819;dia;mes;año;2.26;p21;34.4;32.2;p22;34.4;32.2;p23;34.4;32.2;p24;34.4;32.2;p25;34.4;32.2;p26;34.4;32.2
$GSTR;2;163019;dia;mes;año;2.19;p21;34.8;31.8;p22;34.8;31.8;p23;34.8;31.8;p24;34.8;31.8;p25;34.8;31.8;p26;34.8;31.8
$GSTR;2;163219;dia;mes;año;2.13;p21;29.5;32;p22;29.5;32;p23;29.5;32;p24;29.5;32;p25;29.5;32;p26;29.5;32
$GSTR;2;163419;dia;mes;año;2.08;p21;34.2;30.6;p22;34.2;30.6;p23;34.2;30.6;p24;34.2;30.6;p25;34.2;30.6;p26;34.2;30.6
$GSTR;2;163619;dia;mes;año;1.98;p21;34.4;29.8;p22;34.4;29.8;p23;34.4;29.8;p24;34.4;29.8;p25;34.4;29.8;p26;34.4;29.8
$GSTR;2;163819;dia;mes;año;1.94;p21;29.6;28.7;p22;29.6;28.7;p23;29.6;28.7;p24;29.6;28.7;p25;29.6;28.7;p26;29.6;28.7
$GSTR;2;164019;dia;mes;año;1.83;p21;34.4;28.1;p22;34.4;28.1;p23;34.4;28.1;p24;34.4;28.1;p25;34.4;28.1;p26;34.4;28.1
$GSTR;2;164219;dia;mes;año;1.79;p21;34.4;27.9;p22;34.4;27.9;p23;34.4;27.9;p24;34.4;27.9;p25;34.4;27.9;p26;34.4;27.9
$GSTR;2;164419;dia;mes;año;1.73;p21;35.5;27.3;p22;35.5;27.3;p23;35.5;27.3;p24;35.5;27.3;p25;35.5;27.3;p26;35.5;27.3
$GSTR;2;164619;dia;mes;año;1.65;p21;31;26.9;p22;31;26.9;p23;31;26.9;p24;31;26.9;p25;31;26.9;p26;31;26.9
$GSTR;2;164819;dia;mes;año;1.61;p21;34.4;26.7;p22;34.4;26.7;p23;34.4;26.7;p24;34.4;26.7;p25;34.4;26.7;p26;34.4;26.7
$GSTR;2;165019;dia;mes;año;1.55;p21;34.9;26.3;p22;34.9;26.3;p23;34.9;26.3;p24;34.9;26.3;p25;34.9;26.3;p26;34.9;26.3
$GSTR;2;165219;dia;mes;año;1.46;p21;30.1;25.7;p22;30.1;25.7;p23;30.1;25.7;p24;30.1;25.7;p25;30.1;25.7;p26;30.1;25.7
$GSTR;2;165419;dia;mes;año;1.41;p21;37.7;25.4;p22;37.7;25.4;p23;37.7;25.4;p24;37.7;25.4;p25;37.7;25.4;p26;37.7;25.4
$GSTR;2;165619;dia;mes;año;1.35;p21;36.6;25.1;p22;36.6;25.1;p23;36.6;25.1;p24;36.6;25.1;p25;36.6;25.1;p26;36.6;25.1
$GSTR;2;165819;dia;mes;año;1.29;p21;12.8;25.1;p22;12.8;25.1;p23;12.8;25.1;p24;12.8;25.1;p25;12.8;25.1;p26;12.8;25.1
$GSTR;2;170019;dia;mes;año;1.24;p21;33.3;25;p22;33.3;25;p23;33.3;25;p24;33.3;25;p25;33.3;25;p26;33.3;25
$GSTR;2;170219;dia;mes;año;1.19;p21;31.7;24.6;p22;31.7;24.6;p23;31.7;24.6;p24;31.7;24.6;p25;31.7;24.6;p26;31.7;24.6
$GSTR;2;170419;dia;mes;año;1.11;p21;26.7;24.6;p22;26.7;24.6;p23;26.7;24.6;p24;26.7;24.6;p25;26.7;24.6;p26;26.7;24.6
$GSTR;2;170619;dia;mes;año;1.03;p21;30.2;24.3;p22;30.2;24.3;p23;30.2;24.3;p24;30.2;24.3;p25;30.2;24.3;p26;30.2;24.3
$GSTR;2;170819;dia;mes;año;0.51;p21;29.6;24;p22;29.6;24;p23;29.6;24;p24;29.6;24;p25;29.6;24;p26;29.6;24
$GSTR;2;171019;dia;mes;año;0.31;p21;32;24.1;p22;32;24.1;p23;32;24.1;p24;32;24.1;p25;32;24.1;p26;32;24.1
$GSTR;2;171219;dia;mes;año;0.48;p21;31.1;23.8;p22;31.1;23.8;p23;31.1;23.8;p24;31.1;23.8;p25;31.1;23.8;p26;31.1;23.8
$GSTR;2;171419;dia;mes;año;0.3;p21;30.7;23.7;p22;30.7;23.7;p23;30.7;23.7;p24;30.7;23.7;p25;30.7;23.7;p26;30.7;23.7
$GSTR;2;171619;dia;mes;año;0.28;p21;27.3;23.6;p22;27.3;23.6;p23;27.3;23.6;p24;27.3;23.6;p25;27.3;23.6;p26;27.3;23.6
$GSTR;2;171819;dia;mes;año;0.28;p21;31.8;23.4;p22;31.8;23.4;p23;31.8;23.4;p24;31.8;23.4;p25;31.8;23.4;p26;31.8;23.4
$GSTR;2;172019;dia;mes;año;0.26;p21;32;23.4;p22;32;23.4;p23;32;23.4;p24;32;23.4;p25;32;23.4;p26;32;23.4
$GSTR;2;172219;dia;mes;año;0.25;p21;30.5;23.3;p22;30.5;23.3;p23;30.5;23.3;p24;30.5;23.3;p25;30.5;23.3;p26;30.5;23.3
$GSTR;2;172419;dia;mes;año;0.24;p21;30.5;23.2;p22;30.5;23.2;p23;30.5;23.2;p24;30.5;23.2;p25;30.5;23.2;p26;30.5;23.2
$GSTR;2;172619;dia;mes;año;0.24;p21;30.5;23;p22;30.5;23;p23;30.5;23;p24;30.5;23;p25;30.5;23;p26;30.5;23
$GSTR;2;172819;dia;mes;año;0.24;p21;30.4;23;p22;30.4;23;p23;30.4;23;p24;30.4;23;p25;30.4;23;p26;30.4;23
$GSTR;2;173019;dia;mes;año;0.23;p21;30.5;22.7;p22;30.5;22.7;p23;30.5;22.7;p24;30.5;22.7;p25;30.5;22.7;p26;30.5;22.7
$GSTR;2;173219;dia;mes;año;0.23;p21;25.5;22.8;p22;25.5;22.8;p23;25.5;22.8;p24;25.5;22.8;p25;25.5;22.8;p26;25.5;22.8
$GSTR;2;173419;dia;mes;año;0.22;p21;25.3;22.8;p22;25.3;22.8;p23;25.3;22.8;p24;25.3;22.8;p25;25.3;22.8;p26;25.3;22.8
$GSTR;2;173619;dia;mes;año;0.21;p21;25.1;22.8;p22;25.1;22.8;p23;25.1;22.8;p24;25.1;22.8;p25;25.1;22.8;p26;25.1;22.8
$GSTR;2;173819;dia;mes;año;0.21;p21;25;22.6;p22;25;22.6;p23;25;22.6;p24;25;22.6;p25;25;22.6;p26;25;22.6
$GSTR;2;174019;dia;mes;año;0.21;p21;24.7;22.6;p22;24.7;22.6;p23;24.7;22.6;p24;24.7;22.6;p25;24.7;22.6;p26;24.7;22.6
$GSTR;2;174219;dia;mes;año;0.2;p21;23.9;22.6;p22;23.9;22.6;p23;23.9;22.6;p24;23.9;22.6;p25;23.9;22.6;p26;23.9;22.6
$GSTR;2;174419;dia;mes;año;0.2;p21;23.7;22.5;p22;23.7;22.5;p23;23.7;22.5;p24;23.7;22.5;p25;23.7;22.5;p26;23.7;22.5
$GSTR;2;174619;dia;mes;año;0.19;p21;23.5;22.4;p22;23.5;22.4;p23;23.5;22.4;p24;23.5;22.4;p25;23.5;22.4;p26;23.5;22.4
$GSTR;2;174819;dia;mes;año;0.19;p21;23.4;22.3;p22;23.4;22.3;p23;23.4;22.3;p24;23.4;22.3;p25;23.4;22.3;p26;23.4;22.3
$GSTR;2;175019;dia;mes;año;0.19;p21;22.9;22.3;p22;22.9;22.3;p23;22.9;22.3;p24;22.9;22.3;p25;22.9;22.3;p26;22.9;22.3
$GSTR;2;175219;dia;mes;año;0.19;p21;22;22.1;p22;22;22.1;p23;22;22.1;p24;22;22.1;p25;22;22.1;p26;22;22.1
$GSTR;2;175419;dia;mes;año;0.18;p21;21.7;22.1;p22;21.7;22.1;p23;21.7;22.1;p24;21.7;22.1;p25;21.7;22.1;p26;21.7;22.1
$GSTR;2;175619;dia;mes;año;0.18;p21;18.8;22;p22;18.8;22;p23;18.8;22;p24;18.8;22;p25;18.8;22;p26;18.8;22
$GSTR;2;175819;dia;mes;año;0.17;p21;36.6;21.9;p22;36.6;21.9;p23;36.6;21.9;p24;36.6;21.9;p25;36.6;21.9;p26;36.6;21.9
$GSTR;2;180019;dia;mes;año;0.16;p21;36.5;21.8;p22;36.5;21.8;p23;36.5;21.8;p24;36.5;21.8;p25;36.5;21.8;p26;36.5;21.8
$GSTR;2;180219;dia;mes;año;0.16;p21;36.6;21.7;p22;36.6;21.7;p23;36.6;21.7;p24;36.6;21.7;p25;36.6;21.7;p26;36.6;21.7
$GSTR;2;180419;dia;mes;año;0.15;p21;36.4;21.7;p22;36.4;21.7;p23;36.4;21.7;p24;36.4;21.7;p25;36.4;21.7;p26;36.4;21.7
$GSTR;2;180619;dia;mes;año;0.14;p21;35.8;21.6;p22;35.8;21.6;p23;35.8;21.6;p24;35.8;21.6;p25;35.8;21.6;p26;35.8;21.6
$GSTR;2;180819;dia;mes;año;0.14;p21;32.3;21.6;p22;32.3;21.6;p23;32.3;21.6;p24;32.3;21.6;p25;32.3;21.6;p26;32.3;21.6
$GSTR;2;181019;dia;mes;año;0.14;p21;35.2;21.5;p22;35.2;21.5;p23;35.2;21.5;p24;35.2;21.5;p25;35.2;21.5;p26;35.2;21.5
$GSTR;2;181219;dia;mes;año;0;p21;34.6;21.4;p22;34.6;21.4;p23;34.6;21.4;p24;34.6;21.4;p25;34.6;21.4;p26;34.6;21.4
$GSTR;2;181419;dia;mes;año;0;p21;30.9;21.3;p22;30.9;21.3;p23;30.9;21.3;p24;30.9;21.3;p25;30.9;21.3;p26;30.9;21.3
$GSTR;2;181619;dia;mes;año;0;p21;33.3;21.2;p22;33.3;21.2;p23;33.3;21.2;p24;33.3;21.2;p25;33.3;21.2;p26;33.3;21.2
$GSTR;2;181819;dia;mes;año;0;p21;32.3;21.1;p22;32.3;21.1;p23;32.3;21.1;p24;32.3;21.1;p25;32.3;21.1;p26;32.3;21.1
$GSTR;2;182019;dia;mes;año;0;p21;27.3;21.1;p22;27.3;21.1;p23;27.3;21.1;p24;27.3;21.1;p25;27.3;21.1;p26;27.3;21.1
$GSTR;2;182219;dia;mes;año;0;p21;18.5;21.1;p22;18.5;21.1;p23;18.5;21.1;p24;18.5;21.1;p25;18.5;21.1;p26;18.5;21.1
$GSTR;2;182419;dia;mes;año;0;p21;18.5;21.1;p22;18.5;21.1;p23;18.5;21.1;p24;18.5;21.1;p25;18.5;21.1;p26;18.5;21.1
$GSTR;2;182619;dia;mes;año;0;p21;18.5;21.1;p22;18.5;21.1;p23;18.5;21.1;p24;18.5;21.1;p25;18.5;21.1;p26;18.5;21.1
$GSTR;2;182819;dia;mes;año;0;p21;18.5;21.1;p22;18.5;21.1;p23;18.5;21.1;p24;18.5;21.1;p25;18.5;21.1;p26;18.5;21.1
$GSTR;2;183019;dia;mes;año;0;p21;18.5;21.1;p22;18.5;21.1;p23;18.5;21.1;p24;18.5;21.1;p25;18.5;21.1;p26;18.5;21.1
$GSTR;2;183219;dia;mes;año;0;p21;18.5;21.1;p22;18.5;21.1;p23;18.5;21.1;p24;18.5;21.1;p25;18.5;21.1;p26;18.5;21.1
$GSTR;2;183419;dia;mes;año;0;p21;18.5;21.1;p22;18.5;21.1;p23;18.5;21.1;p24;18.5;21.1;p25;18.5;21.1;p26;18.5;21.1
